Workbook

Sheet Sales_Data
A1: Order_ID | B1: Date | C1: Product | D1: Category | E1: Region | F1: Salesperson | G1: Quantity | H1: Unit_Price | I1: Sales
A2: O001 | B2: 2026-01-05 | C2: Laptop | D2: Electronics | E2: North | F2: Amit | G2: 2 | H2: 55000 | I2: 110000
A3: O002 | B3: 2026-01-07 | C3: Mouse | D3: Accessories | E3: North | F3: Neha | G3: 10 | H3: 800 | I3: 8000
A4: O003 | B4: 2026-01-10 | C4: Keyboard | D4: Accessories | E4: South | F4: Rahul | G4: 6 | H4: 1500 | I4: 9000
A5: O004 | B5: 2026-01-12 | C5: Laptop | D5: Electronics | E5: South | F5: Priya | G5: 1 | H5: 55000 | I5: 55000
A6: O005 | B6: 2026-01-15 | C6: Monitor | D6: Electronics | E6: East | F6: Amit | G6: 3 | H6: 12000 | I6: 36000
A7: O006 | B7: 2026-01-18 | C7: Mouse | D7: Accessories | E7: East | F7: Neha | G7: 15 | H7: 800 | I7: 12000
A8: O007 | B8: 2026-01-20 | C8: Keyboard | D8: Accessories | E8: West | F8: Rahul | G8: 8 | H8: 1500 | I8: 12000
A9: O008 | B9: 2026-01-23 | C9: Laptop | D9: Electronics | E9: West | F9: Priya | G9: 2 | H9: 55000 | I9: 110000
A10: O009 | B10: 2026-01-25 | C10: Monitor | D10: Electronics | E10: Central | F10: Amit | G10: 4 | H10: 12000 | I10: 48000
A11: O010 | B11: 2026-01-28 | C11: Mouse | D11: Accessories | E11: Central | F11: Neha | G11: 20 | H11: 800 | I11: 16000
A12: O011 | B12: 2026-02-02 | C12: Laptop | D12: Electronics | E12: North | F12: Rahul | G12: 1 | H12: 55000 | I12: 55000
A13: O012 | B13: 2026-02-04 | C13: Monitor | D13: Electronics | E13: South | F13: Priya | G13: 2 | H13: 12000 | I13: 24000
... A21: O020 | B21: 2026-02-22 | C21: Mouse | D21: Accessories | E21: Central | F21: Priya | G21: 18 | H21: 800 | I21: 14400

Sheet Pivot_Category
A1: Category | B1: Order_Count | C1: Total_Quantity | D1: Total_Sales | E1: Average_Sales
A2: Electronics | B2: =COUNTIF(Sales_Data!D2:D21,A2) | C2: =SUMIF(Sales_Data!D2:D21,A2,Sales_Data!G2:G21) | D2: =SUMIF(Sales_Data!D2:D21,A2,Sales_Data!I2:I21) | E2: =AVERAGEIF(Sales_Data!D2:D21,A2,Sales_Data!I2:I21)
A3: Accessories | B3: =COUNTIF(Sales_Data!D2:D21,A3) | C3: =SUMIF(Sales_Data!D2:D21,A3,Sales_Data!G2:G21) | D3: =SUMIF(Sales_Data!D2:D21,A3,Sales_Data!I2:I21) | E3: =AVERAGEIF(Sales_Data!D2:D21,A3,Sales_Data!I2:I21)

Sheet Pivot_Region
A1: Region | B1: Order_Count | C1: Total_Sales | D1: Average_Sales
A2: North | B2: =COUNTIF(Sales_Data!E2:E21,A2) | C2: =SUMIF(Sales_Data!E2:E21,A2,Sales_Data!I2:I21) | D2: =AVERAGEIF(Sales_Data!E2:E21,A2,Sales_Data!I2:I21)
A3: South | B3: =COUNTIF(Sales_Data!E2:E21,A3) | C3: =SUMIF(Sales_Data!E2:E21,A3,Sales_Data!I2:I21) | D3: =AVERAGEIF(Sales_Data!E2:E21,A3,Sales_Data!I2:I21)
A4: East | B4: =COUNTIF(Sales_Data!E2:E21,A4) | C4: =SUMIF(Sales_Data!E2:E21,A4,Sales_Data!I2:I21) | D4: =AVERAGEIF(Sales_Data!E2:E21,A4,Sales_Data!I2:I21)
A5: West | B5: =COUNTIF(Sales_Data!E2:E21,A5) | C5: =SUMIF(Sales_Data!E2:E21,A5,Sales_Data!I2:I21) | D5: =AVERAGEIF(Sales_Data!E2:E21,A5,Sales_Data!I2:I21)
A6: Central | B6: =COUNTIF(Sales_Data!E2:E21,A6) | C6: =SUMIF(Sales_Data!E2:E21,A6,Sales_Data!I2:I21) | D6: =AVERAGEIF(Sales_Data!E2:E21,A6,Sales_Data!I2:I21)

Sheet Pivot_Product
A1: Product | B1: Order_Count | C1: Total_Quantity | D1: Total_Sales
A2: Laptop | B2: =COUNTIF(Sales_Data!C2:C21,A2) | C2: =SUMIF(Sales_Data!C2:C21,A2,Sales_Data!G2:G21) | D2: =SUMIF(Sales_Data!C2:C21,A2,Sales_Data!I2:I21)
A3: Mouse | B3: =COUNTIF(Sales_Data!C2:C21,A3) | C3: =SUMIF(Sales_Data!C2:C21,A3,Sales_Data!G2:G21) | D3: =SUMIF(Sales_Data!C2:C21,A3,Sales_Data!I2:I21)
A4: Keyboard | B4: =COUNTIF(Sales_Data!C2:C21,A4) | C4: =SUMIF(Sales_Data!C2:C21,A4,Sales_Data!G2:G21) | D4: =SUMIF(Sales_Data!C2:C21,A4,Sales_Data!I2:I21)
A5: Monitor | B5: =COUNTIF(Sales_Data!C2:C21,A5) | C5: =SUMIF(Sales_Data!C2:C21,A5,Sales_Data!G2:G21) | D5: =SUMIF(Sales_Data!C2:C21,A5,Sales_Data!I2:I21)

Sheet Practice
A1: Task_No | B1: Practice_Task | C1: Expected_Output
A2: 1 | B2: Create a Pivot Table showing total sales by Category. | C2: Category-wise sales
A3: 2 | B3: Create a Pivot Table showing total sales by Region. | C3: Region-wise sales
A4: 3 | B4: Create a Pivot Table showing quantity by Product. | C4: Product-wise quantity
A5: 4 | B5: Use a filter to analyse Electronics only. | C5: Filtered summary
A6: 5 | B6: Find the region with the highest total sales. | C6: Region
A7: 6 | B7: Find the product with the highest total sales. | C7: Product
A8: 7 | B8: Create a Pivot Table with Category as Rows and Region as Columns. | C8: Cross-tab summary
A9: 8 | B9: Explain one business insight from your Pivot Table. | C9: 1 insight

Sheet Instructions
A1: Day | B1: Day 014
A2: Lecture | B2: W4_L1 — Introduction to Pivot Tables
A3: Objective | B3: Learn to summarize business data using Pivot Tables.
A4: Step 1 | B4: Select the complete Sales_Data table.
A5: Step 2 | B5: Insert a Pivot Table in Excel.
A6: Step 3 | B6: Place Category, Region or Product in Rows.
A7: Step 4 | B7: Place Sales or Quantity in Values.
A8: Step 5 | B8: Experiment with Filters and summarize the results.
A9: Step 6 | B9: Compare your Pivot Table with the reference summary sheets.
A10: Important | B10: No charts/visualization are included in Day 014; visualization begins in Day 015.

Sheet Pivot_Concepts
A1: Element | B1: Purpose
A2: Rows | B2: Groups records by a selected field.
A3: Columns | B3: Creates a second dimension for comparison.
A4: Values | B4: Calculates Sum, Count, Average, etc.
A5: Filters | B5: Restricts the data shown in the Pivot Table.
A6: Refresh | B6: Updates the Pivot Table after source data changes.
