Workbook

Sheet Demographic_Data
A1: Respondent_ID | B1: Age | C1: Age_Group | D1: Gender | E1: City | F1: Education | G1: Employment | H1: Household_Size | I1: Monthly_Income
A2: R001 | B2: 21 | C2: 18-25 | D2: Female | E2: Ranchi | F2: Graduate | G2: Student | H2: 4 | I2: 18000
A3: R002 | B3: 28 | C3: 26-35 | D3: Male | E3: Delhi | F3: Graduate | G3: Employed | H3: 3 | I3: 42000
A4: R003 | B4: 24 | C4: 18-25 | D4: Male | E4: Patna | F4: Graduate | G4: Student | H4: 5 | I4: 22000
A5: R004 | B5: 39 | C5: 36-45 | D5: Female | E5: Ranchi | F5: Postgraduate | G5: Employed | H5: 4 | I5: 58000
A6: R005 | B6: 31 | C6: 26-35 | D6: Female | E6: Kolkata | F6: Graduate | G6: Employed | H6: 3 | I6: 46000
A7: R006 | B7: 47 | C7: 46-55 | D7: Male | E7: Delhi | F7: Graduate | G7: Employed | H7: 5 | I7: 65000
A8: R007 | B8: 23 | C8: 18-25 | D8: Female | E8: Patna | F8: Graduate | G8: Student | H8: 4 | I8: 20000
A9: R008 | B9: 42 | C9: 36-45 | D9: Male | E9: Kolkata | F9: Postgraduate | G9: Employed | H9: 3 | I9: 72000
A10: R009 | B10: 34 | C10: 26-35 | D10: Male | E10: Ranchi | F10: Graduate | G10: Employed | H10: 4 | I10: 51000
A11: R010 | B11: 52 | C11: 46-55 | D11: Female | E11: Delhi | F11: Postgraduate | G11: Employed | H11: 2 | I11: 78000
A12: R011 | B12: 19 | C12: 18-25 | D12: Male | E12: Kolkata | F12: Undergraduate | G12: Student | H12: 5 | I12: 15000
A13: R012 | B13: 37 | C13: 36-45 | D13: Female | E13: Patna | F13: Graduate | G13: Employed | H13: 4 | I13: 55000
... A16: R015 | B16: 26 | C16: 26-35 | D16: Male | E16: Patna | F16: Graduate | G16: Employed | H16: 6 | I16: 39000

Sheet Exploration
A1: Metric | B1: Formula | C1: Result
A2: Total Respondents | B2: =COUNTA(Demographic_Data!A2:A16)
A3: Average Age | B3: =AVERAGE(Demographic_Data!B2:B16)
A4: Minimum Age | B4: =MIN(Demographic_Data!B2:B16)
A5: Maximum Age | B5: =MAX(Demographic_Data!B2:B16)
A6: Average Household Size | B6: =AVERAGE(Demographic_Data!H2:H16)
A7: Average Monthly Income | B7: =AVERAGE(Demographic_Data!I2:I16)
A8: Minimum Monthly Income | B8: =MIN(Demographic_Data!I2:I16)
A9: Maximum Monthly Income | B9: =MAX(Demographic_Data!I2:I16)

Sheet Category_Counts
A1: Category | B1: Value | C1: Count
A2: Gender | B2: Female | C2: =COUNTIF(Demographic_Data!D2:D16,"Female")
A3: Gender | B3: Male | C3: =COUNTIF(Demographic_Data!D2:D16,"Male")
A4: Age Group | B4: 18-25 | C4: =COUNTIF(Demographic_Data!C2:C16,"18-25")
A5: Age Group | B5: 26-35 | C5: =COUNTIF(Demographic_Data!C2:C16,"26-35")
A6: Age Group | B6: 36-45 | C6: =COUNTIF(Demographic_Data!C2:C16,"36-45")
A7: Age Group | B7: 46-55 | C7: =COUNTIF(Demographic_Data!C2:C16,"46-55")
A8: Employment | B8: Student | C8: =COUNTIF(Demographic_Data!G2:G16,"Student")
A9: Employment | B9: Employed | C9: =COUNTIF(Demographic_Data!G2:G16,"Employed")

Sheet City_Analysis
A1: City | B1: Respondents | C1: Average Income
A2: Ranchi | B2: =COUNTIF(Demographic_Data!E2:E16,A2) | C2: =AVERAGEIF(Demographic_Data!E2:E16,A2,Demographic_Data!I2:I16)
A3: Delhi | B3: =COUNTIF(Demographic_Data!E2:E16,A3) | C3: =AVERAGEIF(Demographic_Data!E2:E16,A3,Demographic_Data!I2:I16)
A4: Patna | B4: =COUNTIF(Demographic_Data!E2:E16,A4) | C4: =AVERAGEIF(Demographic_Data!E2:E16,A4,Demographic_Data!I2:I16)
A5: Kolkata | B5: =COUNTIF(Demographic_Data!E2:E16,A5) | C5: =AVERAGEIF(Demographic_Data!E2:E16,A5,Demographic_Data!I2:I16)

Sheet Practice
A1: Task | B1: Instruction | C1: Done
A2: 1 | B2: Find the total number of respondents. | C2: ☐
A3: 2 | B3: Calculate average age. | C3: ☐
A4: 3 | B4: Find minimum and maximum age. | C4: ☐
A5: 4 | B5: Calculate average household size. | C5: ☐
A6: 5 | B6: Calculate average monthly income. | C6: ☐
A7: 6 | B7: Count Male and Female respondents. | C7: ☐
A8: 7 | B8: Count respondents in each age group. | C8: ☐
A9: 8 | B9: Compare the number of respondents across cities. | C9: ☐
A10: 9 | B10: Compare average income across cities. | C10: ☐
A11: 10 | B11: Write 3 demographic insights from the dataset. | C11: ☐

Sheet Instructions
A1: Day 008 — Exploring Demographic Data
A2: Lecture | B2: W2_L2
A3: Goal | B3: Explore demographic characteristics using a structured dataset.
A4: Main fields | B4: Age, Age Group, Gender, City, Education, Employment, Household Size, Monthly Income
A5: Excel focus | B5: Filtering, sorting, COUNTIF, AVERAGE, AVERAGEIF, MIN, MAX, basic summaries
A6: Important | B6: Visualization is not required for this Day; focus on exploring demographic data.
