Workbook

Sheet Consumption_Data
A1: Respondent_ID | B1: Age_Group | C1: Gender | D1: Location | E1: Household_Size | F1: Monthly_Income | G1: Food_Spend | H1: Clothing_Spend | I1: Transport_Spend | J1: Total_Consumption
A2: R001 | B2: 18-25 | C2: Female | D2: Urban | E2: 4 | F2: 18000 | G2: 5000 | H2: 1500 | I2: 1200 | J2: 7700
A3: R002 | B3: 26-35 | C3: Male | D3: Urban | E3: 3 | F3: 42000 | G3: 8500 | H3: 3000 | I3: 2500 | J3: 14000
A4: R003 | B4: 18-25 | C4: Male | D4: Rural | E4: 5 | F4: 22000 | G4: 6500 | H4: 1200 | I4: 1000 | J4: 8700
A5: R004 | B5: 36-45 | C5: Female | D5: Urban | E5: 4 | F5: 58000 | G5: 11000 | H5: 4500 | I5: 3200 | J5: 18700
A6: R005 | B6: 26-35 | C6: Female | D6: Urban | E6: 3 | F6: 46000 | G6: 9000 | H6: 3200 | I6: 2600 | J6: 14800
A7: R006 | B7: 46-55 | C7: Male | D7: Urban | E7: 5 | F7: 65000 | G7: 12500 | H7: 5000 | I7: 3800 | J7: 21300
A8: R007 | B8: 18-25 | C8: Female | D8: Rural | E8: 4 | F8: 20000 | G8: 5800 | H8: 1000 | I8: 900 | J8: 7700
A9: R008 | B9: 36-45 | C9: Male | D9: Urban | E9: 3 | F9: 72000 | G9: 13500 | H9: 5200 | I9: 4000 | J9: 22700
A10: R009 | B10: 26-35 | C10: Male | D10: Rural | E10: 4 | F10: 39000 | G10: 7800 | H10: 2400 | I10: 1900 | J10: 12100
A11: R010 | B11: 46-55 | C11: Female | D11: Urban | E11: 2 | F11: 78000 | G11: 14000 | H11: 5500 | I11: 4200 | J11: 23700
A12: R011 | B12: 18-25 | C12: Male | D12: Urban | E12: 5 | F12: 15000 | G12: 4500 | H12: 800 | I12: 700 | J12: 6000
A13: R012 | B13: 36-45 | C13: Female | D13: Rural | E13: 4 | F13: 55000 | G13: 10000 | H13: 3500 | I13: 2700 | J13: 16200
... A16: R015 | B16: 26-35 | C16: Male | D16: Urban | E16: 6 | F16: 53000 | G16: 9800 | H16: 3600 | I16: 2900 | J16: 16300

Sheet Group_Analysis
A1: Age_Group | B1: Respondents | C1: Avg Income | D1: Avg Total Consumption
A2: 18-25 | B2: =COUNTIF(Consumption_Data!B2:B16,A2) | C2: =AVERAGEIF(Consumption_Data!B2:B16,A2,Consumption_Data!F2:F16) | D2: =AVERAGEIF(Consumption_Data!B2:B16,A2,Consumption_Data!J2:J16)
A3: 26-35 | B3: =COUNTIF(Consumption_Data!B2:B16,A3) | C3: =AVERAGEIF(Consumption_Data!B2:B16,A3,Consumption_Data!F2:F16) | D3: =AVERAGEIF(Consumption_Data!B2:B16,A3,Consumption_Data!J2:J16)
A4: 36-45 | B4: =COUNTIF(Consumption_Data!B2:B16,A4) | C4: =AVERAGEIF(Consumption_Data!B2:B16,A4,Consumption_Data!F2:F16) | D4: =AVERAGEIF(Consumption_Data!B2:B16,A4,Consumption_Data!J2:J16)
A5: 46-55 | B5: =COUNTIF(Consumption_Data!B2:B16,A5) | C5: =AVERAGEIF(Consumption_Data!B2:B16,A5,Consumption_Data!F2:F16) | D5: =AVERAGEIF(Consumption_Data!B2:B16,A5,Consumption_Data!J2:J16)

Sheet Urban_Rural
A1: Location | B1: Respondents | C1: Avg Income | D1: Avg Food Spend | E1: Avg Total Consumption
A2: Urban | B2: =COUNTIF(Consumption_Data!D2:D16,A2) | C2: =AVERAGEIF(Consumption_Data!D2:D16,A2,Consumption_Data!F2:F16) | D2: =AVERAGEIF(Consumption_Data!D2:D16,A2,Consumption_Data!G2:G16) | E2: =AVERAGEIF(Consumption_Data!D2:D16,A2,Consumption_Data!J2:J16)
A3: Rural | B3: =COUNTIF(Consumption_Data!D2:D16,A3) | C3: =AVERAGEIF(Consumption_Data!D2:D16,A3,Consumption_Data!F2:F16) | D3: =AVERAGEIF(Consumption_Data!D2:D16,A3,Consumption_Data!G2:G16) | E3: =AVERAGEIF(Consumption_Data!D2:D16,A3,Consumption_Data!J2:J16)

Sheet Consumption_Summary
A1: Metric | B1: Formula | C1: Result
A2: Average Food Spend | B2: =AVERAGE(Consumption_Data!G2:G16)
A3: Average Clothing Spend | B3: =AVERAGE(Consumption_Data!H2:H16)
A4: Average Transport Spend | B4: =AVERAGE(Consumption_Data!I2:I16)
A5: Average Total Consumption | B5: =AVERAGE(Consumption_Data!J2:J16)
A6: Highest Total Consumption | B6: =MAX(Consumption_Data!J2:J16)
A7: Lowest Total Consumption | B7: =MIN(Consumption_Data!J2:J16)

Sheet Practice
A1: Task | B1: Instruction | C1: Done
A2: 1 | B2: Find the average Food Spend. | C2: ☐
A3: 2 | B3: Find the average Clothing Spend. | C3: ☐
A4: 3 | B4: Find the average Transport Spend. | C4: ☐
A5: 4 | B5: Find the average Total Consumption. | C5: ☐
A6: 5 | B6: Compare average consumption across age groups. | C6: ☐
A7: 6 | B7: Compare Urban and Rural consumption. | C7: ☐
A8: 7 | B8: Find the highest Total Consumption. | C8: ☐
A9: 8 | B9: Find the lowest Total Consumption. | C9: ☐
A10: 9 | B10: Identify which age group has the highest average consumption. | C10: ☐
A11: 10 | B11: Write 3 insights about consumption patterns. | C11: ☐

Sheet Instructions
A1: Day 009 — Analysing Demographic Data Part 1
A2: Lecture | B2: W2_L3
A3: Focus | B3: Analysing demographic data and consumption patterns.
A4: Main variables | B4: Age Group, Gender, Location, Household Size, Income, Food, Clothing, Transport and Total Consumption
A5: Excel skills | B5: COUNTIF, AVERAGE, AVERAGEIF, MIN, MAX, sorting and filtering
A6: Goal | B6: Compare consumption patterns across demographic groups and identify basic insights.
A7: Important | B7: Visualization is not required for this Day.
