Workbook

Sheet Case_Study_Data
A1: Order_ID | B1: Month | C1: Category | D1: Channel | E1: Region | F1: Orders | G1: Units | H1: Revenue_Lakh | I1: Discount_Percent | J1: Customer_Type
A2: EC101 | B2: Jan | C2: Electronics | D2: Website | E2: North | F2: 145 | G2: 178 | H2: 21.4 | I2: 5 | J2: New
A3: EC102 | B3: Jan | C3: Fashion | D3: Marketplace | E3: South | F3: 190 | G3: 255 | H3: 13.9 | I3: 8 | J3: Returning
A4: EC103 | B4: Jan | C4: Grocery | D4: App | E4: West | F4: 230 | G4: 340 | H4: 10.5 | I4: 4 | J4: Returning
A5: EC104 | B5: Feb | C5: Electronics | D5: Website | E5: East | F5: 158 | G5: 194 | H5: 23.7 | I5: 6 | J5: New
A6: EC105 | B6: Feb | C6: Fashion | D6: App | E6: North | F6: 205 | G6: 272 | H6: 15.1 | I6: 10 | J6: Returning
A7: EC106 | B7: Feb | C7: Grocery | D7: Marketplace | E7: South | F7: 242 | G7: 356 | H7: 11.4 | I7: 5 | J7: New
A8: EC107 | B8: Mar | C8: Electronics | D8: App | E8: West | F8: 171 | G8: 210 | H8: 25.2 | I8: 7 | J8: Returning
A9: EC108 | B9: Mar | C9: Fashion | D9: Website | E9: East | F9: 218 | G9: 289 | H9: 16.3 | I9: 9 | J9: Returning
A10: EC109 | B10: Mar | C10: Grocery | D10: App | E10: North | F10: 250 | G10: 371 | H10: 12 | I10: 4 | J10: New
A11: EC110 | B11: Apr | C11: Electronics | D11: Marketplace | E11: South | F11: 184 | G11: 226 | H11: 27.1 | I11: 6 | J11: Returning
A12: EC111 | B12: Apr | C12: Fashion | D12: Website | E12: West | F12: 231 | G12: 304 | H12: 17.2 | I12: 7 | J12: New
A13: EC112 | B13: Apr | C13: Grocery | D13: App | E13: East | F13: 264 | G13: 389 | H13: 12.8 | I13: 5 | J13: Returning
... A19: EC118 | B19: Jun | C19: Grocery | D19: Marketplace | E19: South | F19: 296 | G19: 436 | H19: 15.2 | I19: 5 | J19: New

Sheet Monthly_Summary
A1: Group | B1: Orders | C1: Units | D1: Revenue_Lakh
A2: Jan | B2: =SUMIF(Case_Study_Data!$B$2:$B$19,A2,Case_Study_Data!$F$2:$F$19) | C2: =SUMIF(Case_Study_Data!$B$2:$B$19,A2,Case_Study_Data!$G$2:$G$19) | D2: =SUMIF(Case_Study_Data!$B$2:$B$19,A2,Case_Study_Data!$H$2:$H$19)
A3: Feb | B3: =SUMIF(Case_Study_Data!$B$2:$B$19,A3,Case_Study_Data!$F$2:$F$19) | C3: =SUMIF(Case_Study_Data!$B$2:$B$19,A3,Case_Study_Data!$G$2:$G$19) | D3: =SUMIF(Case_Study_Data!$B$2:$B$19,A3,Case_Study_Data!$H$2:$H$19)
A4: Mar | B4: =SUMIF(Case_Study_Data!$B$2:$B$19,A4,Case_Study_Data!$F$2:$F$19) | C4: =SUMIF(Case_Study_Data!$B$2:$B$19,A4,Case_Study_Data!$G$2:$G$19) | D4: =SUMIF(Case_Study_Data!$B$2:$B$19,A4,Case_Study_Data!$H$2:$H$19)
A5: Apr | B5: =SUMIF(Case_Study_Data!$B$2:$B$19,A5,Case_Study_Data!$F$2:$F$19) | C5: =SUMIF(Case_Study_Data!$B$2:$B$19,A5,Case_Study_Data!$G$2:$G$19) | D5: =SUMIF(Case_Study_Data!$B$2:$B$19,A5,Case_Study_Data!$H$2:$H$19)
A6: May | B6: =SUMIF(Case_Study_Data!$B$2:$B$19,A6,Case_Study_Data!$F$2:$F$19) | C6: =SUMIF(Case_Study_Data!$B$2:$B$19,A6,Case_Study_Data!$G$2:$G$19) | D6: =SUMIF(Case_Study_Data!$B$2:$B$19,A6,Case_Study_Data!$H$2:$H$19)
A7: Jun | B7: =SUMIF(Case_Study_Data!$B$2:$B$19,A7,Case_Study_Data!$F$2:$F$19) | C7: =SUMIF(Case_Study_Data!$B$2:$B$19,A7,Case_Study_Data!$G$2:$G$19) | D7: =SUMIF(Case_Study_Data!$B$2:$B$19,A7,Case_Study_Data!$H$2:$H$19)

Sheet Category_Summary
A1: Group | B1: Orders | C1: Units | D1: Revenue_Lakh
A2: Electronics | B2: =SUMIF(Case_Study_Data!$C$2:$C$19,A2,Case_Study_Data!$F$2:$F$19) | C2: =SUMIF(Case_Study_Data!$C$2:$C$19,A2,Case_Study_Data!$G$2:$G$19) | D2: =SUMIF(Case_Study_Data!$C$2:$C$19,A2,Case_Study_Data!$H$2:$H$19)
A3: Fashion | B3: =SUMIF(Case_Study_Data!$C$2:$C$19,A3,Case_Study_Data!$F$2:$F$19) | C3: =SUMIF(Case_Study_Data!$C$2:$C$19,A3,Case_Study_Data!$G$2:$G$19) | D3: =SUMIF(Case_Study_Data!$C$2:$C$19,A3,Case_Study_Data!$H$2:$H$19)
A4: Grocery | B4: =SUMIF(Case_Study_Data!$C$2:$C$19,A4,Case_Study_Data!$F$2:$F$19) | C4: =SUMIF(Case_Study_Data!$C$2:$C$19,A4,Case_Study_Data!$G$2:$G$19) | D4: =SUMIF(Case_Study_Data!$C$2:$C$19,A4,Case_Study_Data!$H$2:$H$19)

Sheet Channel_Summary
A1: Group | B1: Orders | C1: Units | D1: Revenue_Lakh
A2: Website | B2: =SUMIF(Case_Study_Data!$D$2:$D$19,A2,Case_Study_Data!$F$2:$F$19) | C2: =SUMIF(Case_Study_Data!$D$2:$D$19,A2,Case_Study_Data!$G$2:$G$19) | D2: =SUMIF(Case_Study_Data!$D$2:$D$19,A2,Case_Study_Data!$H$2:$H$19)
A3: App | B3: =SUMIF(Case_Study_Data!$D$2:$D$19,A3,Case_Study_Data!$F$2:$F$19) | C3: =SUMIF(Case_Study_Data!$D$2:$D$19,A3,Case_Study_Data!$G$2:$G$19) | D3: =SUMIF(Case_Study_Data!$D$2:$D$19,A3,Case_Study_Data!$H$2:$H$19)
A4: Marketplace | B4: =SUMIF(Case_Study_Data!$D$2:$D$19,A4,Case_Study_Data!$F$2:$F$19) | C4: =SUMIF(Case_Study_Data!$D$2:$D$19,A4,Case_Study_Data!$G$2:$G$19) | D4: =SUMIF(Case_Study_Data!$D$2:$D$19,A4,Case_Study_Data!$H$2:$H$19)

Sheet Region_Summary
A1: Group | B1: Orders | C1: Units | D1: Revenue_Lakh
A2: North | B2: =SUMIF(Case_Study_Data!$E$2:$E$19,A2,Case_Study_Data!$F$2:$F$19) | C2: =SUMIF(Case_Study_Data!$E$2:$E$19,A2,Case_Study_Data!$G$2:$G$19) | D2: =SUMIF(Case_Study_Data!$E$2:$E$19,A2,Case_Study_Data!$H$2:$H$19)
A3: South | B3: =SUMIF(Case_Study_Data!$E$2:$E$19,A3,Case_Study_Data!$F$2:$F$19) | C3: =SUMIF(Case_Study_Data!$E$2:$E$19,A3,Case_Study_Data!$G$2:$G$19) | D3: =SUMIF(Case_Study_Data!$E$2:$E$19,A3,Case_Study_Data!$H$2:$H$19)
A4: East | B4: =SUMIF(Case_Study_Data!$E$2:$E$19,A4,Case_Study_Data!$F$2:$F$19) | C4: =SUMIF(Case_Study_Data!$E$2:$E$19,A4,Case_Study_Data!$G$2:$G$19) | D4: =SUMIF(Case_Study_Data!$E$2:$E$19,A4,Case_Study_Data!$H$2:$H$19)
A5: West | B5: =SUMIF(Case_Study_Data!$E$2:$E$19,A5,Case_Study_Data!$F$2:$F$19) | C5: =SUMIF(Case_Study_Data!$E$2:$E$19,A5,Case_Study_Data!$G$2:$G$19) | D5: =SUMIF(Case_Study_Data!$E$2:$E$19,A5,Case_Study_Data!$H$2:$H$19)

Sheet Customer_Summary
A1: Group | B1: Orders | C1: Units | D1: Revenue_Lakh
A2: New | B2: =SUMIF(Case_Study_Data!$J$2:$J$19,A2,Case_Study_Data!$F$2:$F$19) | C2: =SUMIF(Case_Study_Data!$J$2:$J$19,A2,Case_Study_Data!$G$2:$G$19) | D2: =SUMIF(Case_Study_Data!$J$2:$J$19,A2,Case_Study_Data!$H$2:$H$19)
A3: Returning | B3: =SUMIF(Case_Study_Data!$J$2:$J$19,A3,Case_Study_Data!$F$2:$F$19) | C3: =SUMIF(Case_Study_Data!$J$2:$J$19,A3,Case_Study_Data!$G$2:$G$19) | D3: =SUMIF(Case_Study_Data!$J$2:$J$19,A3,Case_Study_Data!$H$2:$H$19)

Sheet Case_Study_Dashboard
A1: Day 022 — Introduction to the Case Study
A3: Total Orders | B3: =SUM(Case_Study_Data!F2:F19)
A4: Total Units | B4: =SUM(Case_Study_Data!G2:G19)
A5: Total Revenue (Lakh) | B5: =SUM(Case_Study_Data!H2:H19)
A6: Average Discount (%) | B6: =AVERAGE(Case_Study_Data!I2:I19)
A7: Returning Customer Orders | B7: =SUMIF(Case_Study_Data!J2:J19,"Returning",Case_Study_Data!F2:F19)

Sheet Case_Study_Questions
A1: Question | B1: Purpose
A2: What is the total revenue? | B2: Understand the overall sample business scale.
A3: Which month has the highest revenue? | B3: Practise time-based comparison.
A4: Which category contributes most revenue? | B4: Practise category analysis.
A5: Which channel has the highest orders? | B5: Compare digital channels.
A6: Which region has the highest revenue? | B6: Compare geographical performance.
A7: How do New and Returning orders compare? | B7: Introduce customer segmentation.
A8: What is the average discount? | B8: Add another business measure.
A9: Which dimensions can be combined? | B9: Prepare for multi-dimensional case analysis.
A10: What evidence supports each observation? | B10: Practise evidence-based interpretation.

Sheet Instructions
A1: Step | B1: Instruction
A2: 1 | B2: Watch W5_L2 — Introduction to the Case Study.
A3: 2 | B3: Open Case_Study_Data and inspect every field.
A4: 3 | B4: Identify dimensions and measures.
A5: 4 | B5: Review monthly, category, channel and regional summaries.
A6: 5 | B6: Review customer-type segmentation.
A7: 6 | B7: Use the dashboard charts to support observations.
A8: 7 | B8: Answer the case-study questions using workbook evidence.
A9: 8 | B9: Treat the values as sample learning data, not real company data.
