Workbook

Sheet Instructions

Sheet Instructions1
A1: Day 087 — Credit Risk Analysis Presentation
A2: Author | B2: Saloni Tiwari
A3: Programme | B3: IIT Madras BS Degree — Diploma Level
A4: Day | B4: 087
A5: Topic | B5: Credit Risk Analysis — Presentation
A7: Purpose | B7: Convert credit-risk analysis into a clear business presentation.
A8: Presentation Flow | B8: Business Question → Dataset → Portfolio Trend → Product View → Regional View → KPI Summary → Interpretation → Limitations → Next Steps
A9: Dataset | B9: Synthetic educational credit-risk dataset
A10: Time Period | B10: January 2023 to June 2023
A11: Products | B11: Personal Loan; Two-Wheeler Loan; Consumer Durable Loan
A12: Regions | B12: North; South; West; East

Sheet Presentation_Stages
A1: Stage | B1: Purpose
A2: 1. Business Question | B2: Define the question being answered
A3: 2. Dataset | B3: Explain data, period, products and regions
A4: 3. Portfolio Trend | B4: Show monthly movement
A5: 4. Product View | B5: Compare loan products
A6: 5. Regional View | B6: Compare regions
A7: 6. KPI Summary | B7: Present key metrics
A8: 7. Business Interpretation | B8: State evidence-based observations
A9: 8. Limitations | B9: Explain data and analysis limitations
A10: 9. Next Steps | B10: Identify further analysis

Sheet Analysis_Questions
A1: Question
A2: How has credit risk moved across the six-month period?
A3: Which month has the highest loan exposure?
A4: How has the default rate changed?
A5: Which product has the largest exposure?
A6: How do regional default rates compare?
A7: How has average credit score changed?
A8: How has high-risk share changed?

Sheet Data_Dictionary
A1: Field | B1: Description
A2: Record_ID | B2: Unique record identifier
A3: Month | B3: Month of observation
A4: Customer_ID | B4: Customer identifier
A5: Employment_Type | B5: Employment category
A6: Region | B6: Geographical region
A7: Loan_Product | B7: Loan product
A8: Age | B8: Customer age
A9: Monthly_Income_Rupee | B9: Monthly income
A10: Loan_Amount_Rupee | B10: Loan amount
A11: Tenure_Months | B11: Loan tenure
A12: Debt_to_Income_% | B12: Debt-to-income percentage
... A17: Loan_Exposure_Rupee | B17: Loan exposure amount

Sheet Credit_Risk_Data
A1: Record_ID | B1: Month | C1: Customer_ID | D1: Employment_Type | E1: Region | F1: Loan_Product | G1: Age | H1: Monthly_Income_Rupee | I1: Loan_Amount_Rupee | J1: Tenure_Months | K1: Debt_to_Income_% | L1: Credit_Score | M1: Past_Delinquencies | N1: Default_Flag | O1: High_Risk_Flag | P1: Loan_Exposure_Rupee
A2: 1 | B2: January 2023 | C2: 1001 | D2: Salaried | E2: North | F2: Personal Loan | G2: 24 | H2: 30000 | I2: 300000 | J2: 24 | K2: 29.2 | L2: 727 | M2: 0 | N2: 0 | O2: 0 | P2: 300000
A3: 2 | B3: January 2023 | C3: 1002 | D3: Self-Employed | E3: South | F3: Two-Wheeler Loan | G3: 29 | H3: 37000 | I3: 390000 | J3: 36 | K3: 32.4 | L3: 719 | M3: 0 | N3: 0 | O3: 0 | P3: 390000
A4: 3 | B4: January 2023 | C4: 1003 | D4: Salaried | E4: West | F4: Consumer Durable Loan | G4: 34 | H4: 44000 | I4: 480000 | J4: 48 | K4: 31.6 | L4: 710 | M4: 0 | N4: 0 | O4: 0 | P4: 480000
A5: 4 | B5: January 2023 | C5: 1004 | D5: Business | E5: East | F5: Personal Loan | G5: 39 | H5: 51000 | I5: 570000 | J5: 60 | K5: 33.2 | L5: 722 | M5: 1 | N5: 0 | O5: 0 | P5: 570000
A6: 5 | B6: January 2023 | C6: 1005 | D6: Salaried | E6: North | F6: Two-Wheeler Loan | G6: 44 | H6: 58000 | I6: 660000 | J6: 36 | K6: 30.2 | L6: 705 | M6: 1 | N6: 1 | O6: 1 | P6: 660000
A7: 6 | B7: February 2023 | C7: 1006 | D7: Salaried | E7: South | F7: Personal Loan | G7: 25 | H7: 32500 | I7: 345000 | J7: 24 | K7: 28.8 | L7: 730 | M7: 0 | N7: 0 | O7: 0 | P7: 345000
A8: 7 | B8: February 2023 | C8: 1007 | D8: Self-Employed | E8: West | F8: Two-Wheeler Loan | G8: 30 | H8: 39500 | I8: 435000 | J8: 36 | K8: 32 | L8: 722 | M8: 0 | N8: 0 | O8: 0 | P8: 435000
A9: 8 | B9: February 2023 | C9: 1008 | D9: Salaried | E9: East | F9: Consumer Durable Loan | G9: 35 | H9: 46500 | I9: 525000 | J9: 48 | K9: 31.2 | L9: 713 | M9: 0 | N9: 0 | O9: 0 | P9: 525000
A10: 9 | B10: February 2023 | C10: 1009 | D10: Business | E10: North | F10: Personal Loan | G10: 40 | H10: 53500 | I10: 615000 | J10: 60 | K10: 32.8 | L10: 725 | M10: 1 | N10: 0 | O10: 0 | P10: 615000
A11: 10 | B11: February 2023 | C11: 1010 | D11: Salaried | E11: South | F11: Two-Wheeler Loan | G11: 45 | H11: 60500 | I11: 705000 | J11: 36 | K11: 29.8 | L11: 708 | M11: 1 | N11: 1 | O11: 1 | P11: 705000
A12: 11 | B12: March 2023 | C12: 1011 | D12: Salaried | E12: West | F12: Personal Loan | G12: 26 | H12: 35000 | I12: 390000 | J12: 24 | K12: 30.4 | L12: 724 | M12: 0 | N12: 0 | O12: 0 | P12: 390000
A13: 12 | B13: March 2023 | C13: 1012 | D13: Self-Employed | E13: East | F13: Two-Wheeler Loan | G13: 31 | H13: 42000 | I13: 480000 | J13: 36 | K13: 33.6 | L13: 716 | M13: 0 | N13: 0 | O13: 0 | P13: 480000
... A31: 30 | B31: June 2023 | C31: 1030 | D31: Salaried | E31: South | F31: Two-Wheeler Loan | G31: 24 | H31: 35500 | I31: 435000 | J31: 36 | K31: 33.1 | L31: 699 | M31: 1 | N31: 1 | O31: 1 | P31: 435000

Sheet Monthly_Trend
A1: Month | B1: Customers | C1: Loan Exposure | D1: Average Credit Score | E1: Average DTI | F1: Defaults | G1: High Risk | H1: Default Rate % | I1: High-Risk Share % | J1: Exposure Growth % | K1: Default Rate Change pp
A2: January 2023 | B2: 5 | C2: 1850000 | D2: 715 | E2: 31.2 | F2: 1 | G2: 1 | H2: =F2/B2*100 | I2: =G2/B2*100
A3: February 2023 | B3: 5 | C3: 2050000 | D3: 718 | E3: 30.8 | F3: 1 | G3: 1 | H3: =F3/B3*100 | I3: =G3/B3*100 | J3: =(C3/C2-1)*100 | K3: =H3-H2
A4: March 2023 | B4: 5 | C4: 2250000 | D4: 712 | E4: 32.4 | F4: 1 | G4: 2 | H4: =F4/B4*100 | I4: =G4/B4*100 | J4: =(C4/C3-1)*100 | K4: =H4-H3
A5: April 2023 | B5: 5 | C5: 2150000 | D5: 721 | E5: 29.9 | F5: 0 | G5: 1 | H5: =F5/B5*100 | I5: =G5/B5*100 | J5: =(C5/C4-1)*100 | K5: =H5-H4
A6: May 2023 | B6: 5 | C6: 2450000 | D6: 716 | E6: 31.7 | F6: 1 | G6: 2 | H6: =F6/B6*100 | I6: =G6/B6*100 | J6: =(C6/C5-1)*100 | K6: =H6-H5
A7: June 2023 | B7: 5 | C7: 2750000 | D7: 709 | E7: 34.1 | F7: 2 | G7: 2 | H7: =F7/B7*100 | I7: =G7/B7*100 | J7: =(C7/C6-1)*100 | K7: =H7-H6

Sheet Product_Monthly
A1: Month | B1: Loan_Product | C1: Customers | D1: Exposure | E1: Avg Credit Score | F1: Defaults | G1: High Risk | H1: Default Rate %
A2: January 2023 | B2: Personal Loan | C2: 2 | D2: 870000 | E2: 724.5 | F2: 0 | G2: 0 | H2: 0
A3: January 2023 | B3: Two-Wheeler Loan | C3: 2 | D3: 1050000 | E3: 712 | F3: 1 | G3: 1 | H3: 50
A4: January 2023 | B4: Consumer Durable Loan | C4: 1 | D4: 480000 | E4: 710 | F4: 0 | G4: 0 | H4: 0
A5: February 2023 | B5: Personal Loan | C5: 2 | D5: 960000 | E5: 727.5 | F5: 0 | G5: 0 | H5: 0
A6: February 2023 | B6: Two-Wheeler Loan | C6: 2 | D6: 1140000 | E6: 715 | F6: 1 | G6: 1 | H6: 50
A7: February 2023 | B7: Consumer Durable Loan | C7: 1 | D7: 525000 | E7: 713 | F7: 0 | G7: 0 | H7: 0
A8: March 2023 | B8: Personal Loan | C8: 2 | D8: 1050000 | E8: 721.5 | F8: 0 | G8: 1 | H8: 0
A9: March 2023 | B9: Two-Wheeler Loan | C9: 2 | D9: 780000 | E9: 709 | F9: 1 | G9: 1 | H9: 50
A10: March 2023 | B10: Consumer Durable Loan | C10: 1 | D10: 570000 | E10: 707 | F10: 0 | G10: 0 | H10: 0
A11: April 2023 | B11: Personal Loan | C11: 2 | D11: 1140000 | E11: 730.5 | F11: 0 | G11: 0 | H11: 0
A12: April 2023 | B12: Two-Wheeler Loan | C12: 2 | D12: 870000 | E12: 718 | F12: 0 | G12: 1 | H12: 0
A13: April 2023 | B13: Consumer Durable Loan | C13: 1 | D13: 615000 | E13: 716 | F13: 0 | G13: 0 | H13: 0
... A19: June 2023 | B19: Consumer Durable Loan | C19: 1 | D19: 705000 | E19: 704 | F19: 0 | G19: 0 | H19: 0

Sheet Region_Monthly
A1: Month | B1: Region | C1: Customers | D1: Exposure | E1: Avg Credit Score | F1: Defaults | G1: High Risk | H1: Default Rate %
A2: January 2023 | B2: North | C2: 2 | D2: 960000 | E2: 716 | F2: 1 | G2: 1 | H2: 50
A3: January 2023 | B3: South | C3: 1 | D3: 390000 | E3: 719 | F3: 0 | G3: 0 | H3: 0
A4: January 2023 | B4: West | C4: 1 | D4: 480000 | E4: 710 | F4: 0 | G4: 0 | H4: 0
A5: January 2023 | B5: East | C5: 1 | D5: 570000 | E5: 722 | F5: 0 | G5: 0 | H5: 0
A6: February 2023 | B6: North | C6: 1 | D6: 615000 | E6: 725 | F6: 0 | G6: 0 | H6: 0
A7: February 2023 | B7: South | C7: 2 | D7: 1050000 | E7: 719 | F7: 1 | G7: 1 | H7: 50
A8: February 2023 | B8: West | C8: 1 | D8: 435000 | E8: 722 | F8: 0 | G8: 0 | H8: 0
A9: February 2023 | B9: East | C9: 1 | D9: 525000 | E9: 713 | F9: 0 | G9: 0 | H9: 0
A10: March 2023 | B10: North | C10: 1 | D10: 570000 | E10: 707 | F10: 0 | G10: 0 | H10: 0
A11: March 2023 | B11: South | C11: 1 | D11: 660000 | E11: 719 | F11: 0 | G11: 1 | H11: 0
A12: March 2023 | B12: West | C12: 2 | D12: 690000 | E12: 713 | F12: 1 | G12: 1 | H12: 50
A13: March 2023 | B13: East | C13: 1 | D13: 480000 | E13: 716 | F13: 0 | G13: 0 | H13: 0
... A25: June 2023 | B25: East | C25: 1 | D25: 705000 | E25: 704 | F25: 0 | G25: 0 | H25: 0

Sheet Credit_Risk_KPIs
A1: KPI | B1: Value | C1: Definition
A2: Total Customers | B2: =SUM(Monthly_Trend!B2:B7) | C2: Customer records across the period
A3: Total Loan Exposure | B3: =SUM(Monthly_Trend!C2:C7) | C3: Total simulated loan exposure
A4: Average Credit Score | B4: =AVERAGE(Monthly_Trend!D2:D7) | C4: Average monthly credit score
A5: Average DTI | B5: =AVERAGE(Monthly_Trend!E2:E7) | C5: Average monthly DTI
A6: Total Defaults | B6: =SUM(Monthly_Trend!F2:F7) | C6: Total default cases
A7: Average Default Rate % | B7: =AVERAGE(Monthly_Trend!H2:H7) | C7: Average monthly default rate
A8: Total High-Risk Customers | B8: =SUM(Monthly_Trend!G2:G7) | C8: Total high-risk customer observations
A9: Average High-Risk Share % | B9: =AVERAGE(Monthly_Trend!I2:I7) | C9: Average monthly high-risk share

Sheet Business_Insights
A1: Observation Area | B1: Data-Based Observation | C1: Evidence / KPI
A2: Exposure | B2: Loan exposure changes across the six-month period. | C2: Monthly_Trend
A3: Default Rate | B3: Default rate should be reviewed month by month rather than count alone. | C3: Default Rate %
A4: Credit Score | B4: Average credit score changes across the period. | C4: Average Credit Score
A5: High Risk | B5: High-risk share provides portfolio-composition context. | C5: High-Risk Share %
A6: Product | B6: Product-level exposure and default rates provide segment context. | C6: Product_Monthly
A7: Region | B7: Regional comparisons should consider both counts and rates. | C7: Region_Monthly

Sheet Credit_Risk_Presentation_Dashboard
A1: Day 087 — Credit Risk Analysis Presentation Dashboard
A2: Synthetic educational dataset | January 2023 to June 2023
A4: Presentation Flow
A5: Business Question → Dataset → Portfolio Trend → Product View → Regional View → KPI Summary → Interpretation → Limitations → Next Steps

Sheet Trend_Questions
A1: Question
A2: Which month has the highest loan exposure?
A3: How has the default rate changed?
A4: Which month has the highest high-risk share?
A5: How has average credit score changed?
A6: Which product has the largest exposure?
A7: How do regional default rates compare?
A8: Which observations require further investigation?

Sheet Risk_Framework
A1: Metric | B1: Formula / Meaning
A2: Customers | B2: COUNT(Customer_ID)
A3: Loan Exposure | B3: SUM(Loan_Exposure_Rupee)
A4: Defaults | B4: SUM(Default_Flag)
A5: High Risk | B5: SUM(High_Risk_Flag)
A6: Default Rate % | B6: Defaults / Customers × 100
A7: High-Risk Share % | B7: High Risk / Customers × 100
A8: MoM Exposure Growth % | B8: (Current Exposure / Previous Exposure − 1) × 100
A9: Default Rate Change pp | B9: Current Rate − Previous Rate
