Workbook

Sheet Segment_Data
A1: Segment | B1: Households | C1: Buyer_Rate | D1: Avg_Bike_Price | E1: Loan_Rate | F1: Avg_Loan
A2: Young Adults | B2: 250000 | C2: 0.12 | D2: 95000 | E2: 0.75 | F2: 70000
A3: Working Families | B3: 300000 | C3: 0.1 | D3: 110000 | E3: 0.7 | F3: 80000
A4: Rural Households | B4: 280000 | C4: 0.14 | D4: 90000 | E4: 0.8 | F4: 65000
A5: Small Business Owners | B5: 100000 | C5: 0.16 | D5: 125000 | E5: 0.65 | F5: 85000
A6: Other Households | B6: 70000 | C6: 0.08 | D6: 100000 | E6: 0.7 | F6: 75000

Sheet Bottom_Up_Calculation
A1: Segment | B1: Households | C1: Buyer_Rate | D1: Estimated_Buyers | E1: Avg_Price | F1: Market_Value | G1: Loan_Rate | H1: Loan_Customers | I1: Avg_Loan | J1: Loan_Market
A2: =Segment_Data!A2 | B2: =Segment_Data!B2 | C2: =Segment_Data!C2 | D2: =B2*C2 | E2: =Segment_Data!D2 | F2: =D2*E2 | G2: =Segment_Data!E2 | H2: =D2*G2 | I2: =Segment_Data!F2 | J2: =H2*I2
A3: =Segment_Data!A3 | B3: =Segment_Data!B3 | C3: =Segment_Data!C3 | D3: =B3*C3 | E3: =Segment_Data!D3 | F3: =D3*E3 | G3: =Segment_Data!E3 | H3: =D3*G3 | I3: =Segment_Data!F3 | J3: =H3*I3
A4: =Segment_Data!A4 | B4: =Segment_Data!B4 | C4: =Segment_Data!C4 | D4: =B4*C4 | E4: =Segment_Data!D4 | F4: =D4*E4 | G4: =Segment_Data!E4 | H4: =D4*G4 | I4: =Segment_Data!F4 | J4: =H4*I4
A5: =Segment_Data!A5 | B5: =Segment_Data!B5 | C5: =Segment_Data!C5 | D5: =B5*C5 | E5: =Segment_Data!D5 | F5: =D5*E5 | G5: =Segment_Data!E5 | H5: =D5*G5 | I5: =Segment_Data!F5 | J5: =H5*I5
A6: =Segment_Data!A6 | B6: =Segment_Data!B6 | C6: =Segment_Data!C6 | D6: =B6*C6 | E6: =Segment_Data!D6 | F6: =D6*E6 | G6: =Segment_Data!E6 | H6: =D6*G6 | I6: =Segment_Data!F6 | J6: =H6*I6
A7: TOTAL | B7: =SUM(B2:B6) | D7: =SUM(D2:D6) | F7: =SUM(F2:F6) | H7: =SUM(H2:H6) | J7: =SUM(J2:J6)

Sheet Assumptions
A1: Parameter | B1: Formula / Meaning
A2: Estimated Buyers | B2: Households × Buyer Rate
A3: Market Value | B3: Estimated Buyers × Average Bike Price
A4: Loan Customers | B4: Estimated Buyers × Loan Rate
A5: Loan Market | B5: Loan Customers × Average Loan Amount

Sheet Insights
A1: Insight_Area | B1: Question | C1: Your_Observation
A2: Demand | B2: Which segment has the highest estimated buyers?
A3: Market Value | B3: Which segment contributes most market value?
A4: Loan | B4: Which segment has highest loan opportunity?
A5: Business | B5: What should a two-wheeler lender/manufacturer target?

Sheet Practice
A1: Task_No | B1: Practice_Task
A2: 1 | B2: Calculate estimated buyers by segment
A3: 2 | B3: Calculate total market value
A4: 3 | B4: Find highest buyer segment
A5: 4 | B5: Calculate total potential loan customers
A6: 5 | B6: Calculate total loan market
A7: 6 | B7: Write 3 business insights

Sheet Instructions
A1: Day | B1: Day 012
A2: Lecture | B2: W3_L2 — Estimating Market Size Part 2 — Two-Wheeler Market (Bottom-Up)
A3: Objective | B3: Estimate each segment separately and aggregate the results.
A4: Step 1 | B4: Review Segment_Data.
A5: Step 2 | B5: Calculate buyers, market value and loan opportunity.
A6: Step 3 | B6: Compare segments and write insights.
