Workbook

Sheet Rural_Spending_Data
A1: Respondent_ID | B1: Age_Group | C1: Gender | D1: Location | E1: Household_Size | F1: Monthly_Income | G1: Food_Spend | H1: Clothing_Spend | I1: Transport_Spend | J1: Healthcare_Spend | K1: Education_Spend | L1: Total_Spending
A2: R01 | B2: 18-25 | C2: Female | D2: Rural | E2: 4 | F2: 18000 | G2: 6500 | H2: 1200 | I2: 900 | J2: 700 | K2: 1100 | L2: =SUM(G2:K2)
A3: R02 | B3: 26-35 | C3: Male | D3: Rural | E3: 5 | F3: 24000 | G3: 8200 | H3: 1500 | I3: 1300 | J3: 900 | K3: 1600 | L3: =SUM(G3:K3)
A4: R03 | B4: 36-45 | C4: Female | D4: Rural | E4: 6 | F4: 30000 | G4: 9800 | H4: 1800 | I4: 1500 | J4: 1200 | K4: 2200 | L4: =SUM(G4:K4)
A5: R04 | B5: 46-55 | C5: Male | D5: Rural | E5: 5 | F5: 28000 | G5: 9000 | H5: 1400 | I5: 1200 | J5: 1100 | K5: 1800 | L5: =SUM(G5:K5)
A6: R05 | B6: 56+ | C6: Female | D6: Rural | E6: 3 | F6: 22000 | G6: 7600 | H6: 1000 | I6: 800 | J6: 1000 | K6: 900 | L6: =SUM(G6:K6)
A7: R06 | B7: 18-25 | C7: Male | D7: Rural | E7: 4 | F7: 19000 | G7: 6800 | H7: 1300 | I7: 1000 | J7: 600 | K7: 1200 | L7: =SUM(G7:K7)
A8: R07 | B8: 26-35 | C8: Female | D8: Rural | E8: 5 | F8: 26000 | G8: 8700 | H8: 1600 | I8: 1200 | J8: 800 | K8: 1800 | L8: =SUM(G8:K8)
A9: R08 | B9: 36-45 | C9: Male | D9: Rural | E9: 7 | F9: 34000 | G9: 11000 | H9: 2100 | I9: 1800 | J9: 1300 | K9: 2500 | L9: =SUM(G9:K9)
A10: R09 | B10: 46-55 | C10: Female | D10: Rural | E10: 4 | F10: 29000 | G10: 9200 | H10: 1500 | I10: 1300 | J10: 1000 | K10: 1900 | L10: =SUM(G10:K10)
A11: R10 | B11: 56+ | C11: Male | D11: Rural | E11: 3 | F11: 23000 | G11: 7900 | H11: 1100 | I11: 900 | J11: 900 | K11: 1000 | L11: =SUM(G11:K11)
A12: R11 | B12: 18-25 | C12: Female | D12: Urban | E12: 3 | F12: 32000 | G12: 7000 | H12: 2200 | I12: 2500 | J12: 900 | K12: 1400 | L12: =SUM(G12:K12)
A13: R12 | B13: 26-35 | C13: Male | D13: Urban | E13: 4 | F13: 42000 | G13: 8500 | H13: 3000 | I13: 3200 | J13: 1200 | K13: 2200 | L13: =SUM(G13:K13)
... A16: R15 | B16: 56+ | C16: Female | D16: Urban | E16: 2 | F16: 38000 | G16: 8200 | H16: 2400 | I16: 2200 | J16: 1200 | K16: 1700 | L16: =SUM(G16:K16)

Sheet Rural_Analysis
A1: Metric | B1: Rural | C1: Urban | D1: Rural_vs_Urban
A2: Respondent Count | B2: =COUNTIF(Rural_Spending_Data!D2:D16,"Rural") | C2: =COUNTIF(Rural_Spending_Data!D2:D16,"Urban") | D2: =B2-C2
A3: Average Monthly Income | B3: =AVERAGEIF(Rural_Spending_Data!D2:D16,"Rural",Rural_Spending_Data!F2:F16) | C3: =AVERAGEIF(Rural_Spending_Data!D2:D16,"Urban",Rural_Spending_Data!F2:F16) | D3: =B3-C3
A4: Average Food Spend | B4: =AVERAGEIF(Rural_Spending_Data!D2:D16,"Rural",Rural_Spending_Data!G2:G16) | C4: =AVERAGEIF(Rural_Spending_Data!D2:D16,"Urban",Rural_Spending_Data!G2:G16) | D4: =B4-C4
A5: Average Clothing Spend | B5: =AVERAGEIF(Rural_Spending_Data!D2:D16,"Rural",Rural_Spending_Data!H2:H16) | C5: =AVERAGEIF(Rural_Spending_Data!D2:D16,"Urban",Rural_Spending_Data!H2:H16) | D5: =B5-C5
A6: Average Transport Spend | B6: =AVERAGEIF(Rural_Spending_Data!D2:D16,"Rural",Rural_Spending_Data!I2:I16) | C6: =AVERAGEIF(Rural_Spending_Data!D2:D16,"Urban",Rural_Spending_Data!I2:I16) | D6: =B6-C6
A7: Average Healthcare Spend | B7: =AVERAGEIF(Rural_Spending_Data!D2:D16,"Rural",Rural_Spending_Data!J2:J16) | C7: =AVERAGEIF(Rural_Spending_Data!D2:D16,"Urban",Rural_Spending_Data!J2:J16) | D7: =B7-C7
A8: Average Education Spend | B8: =AVERAGEIF(Rural_Spending_Data!D2:D16,"Rural",Rural_Spending_Data!K2:K16) | C8: =AVERAGEIF(Rural_Spending_Data!D2:D16,"Urban",Rural_Spending_Data!K2:K16) | D8: =B8-C8
A9: Average Total Spending | B9: =AVERAGEIF(Rural_Spending_Data!D2:D16,"Rural",Rural_Spending_Data!L2:L16) | C9: =AVERAGEIF(Rural_Spending_Data!D2:D16,"Urban",Rural_Spending_Data!L2:L16) | D9: =B9-C9

Sheet Rural_Age_Analysis
A1: Age_Group | B1: Rural_Count | C1: Avg_Income | D1: Avg_Total_Spending
A2: 18-25 | B2: =COUNTIFS(Rural_Spending_Data!D2:D16,"Rural",Rural_Spending_Data!B2:B16,A2) | C2: =AVERAGEIFS(Rural_Spending_Data!F2:F16,Rural_Spending_Data!D2:D16,"Rural",Rural_Spending_Data!B2:B16,A2) | D2: =AVERAGEIFS(Rural_Spending_Data!L2:L16,Rural_Spending_Data!D2:D16,"Rural",Rural_Spending_Data!B2:B16,A2)
A3: 26-35 | B3: =COUNTIFS(Rural_Spending_Data!D2:D16,"Rural",Rural_Spending_Data!B2:B16,A3) | C3: =AVERAGEIFS(Rural_Spending_Data!F2:F16,Rural_Spending_Data!D2:D16,"Rural",Rural_Spending_Data!B2:B16,A3) | D3: =AVERAGEIFS(Rural_Spending_Data!L2:L16,Rural_Spending_Data!D2:D16,"Rural",Rural_Spending_Data!B2:B16,A3)
A4: 36-45 | B4: =COUNTIFS(Rural_Spending_Data!D2:D16,"Rural",Rural_Spending_Data!B2:B16,A4) | C4: =AVERAGEIFS(Rural_Spending_Data!F2:F16,Rural_Spending_Data!D2:D16,"Rural",Rural_Spending_Data!B2:B16,A4) | D4: =AVERAGEIFS(Rural_Spending_Data!L2:L16,Rural_Spending_Data!D2:D16,"Rural",Rural_Spending_Data!B2:B16,A4)
A5: 46-55 | B5: =COUNTIFS(Rural_Spending_Data!D2:D16,"Rural",Rural_Spending_Data!B2:B16,A5) | C5: =AVERAGEIFS(Rural_Spending_Data!F2:F16,Rural_Spending_Data!D2:D16,"Rural",Rural_Spending_Data!B2:B16,A5) | D5: =AVERAGEIFS(Rural_Spending_Data!L2:L16,Rural_Spending_Data!D2:D16,"Rural",Rural_Spending_Data!B2:B16,A5)
A6: 56+ | B6: =COUNTIFS(Rural_Spending_Data!D2:D16,"Rural",Rural_Spending_Data!B2:B16,A6) | C6: =AVERAGEIFS(Rural_Spending_Data!F2:F16,Rural_Spending_Data!D2:D16,"Rural",Rural_Spending_Data!B2:B16,A6) | D6: =AVERAGEIFS(Rural_Spending_Data!L2:L16,Rural_Spending_Data!D2:D16,"Rural",Rural_Spending_Data!B2:B16,A6)

Sheet Spending_Summary
A1: Category | B1: Rural_Average | C1: Urban_Average | D1: Rural_Share
A2: Food | B2: =AVERAGEIF(Rural_Spending_Data!D2:D16,"Rural",Rural_Spending_Data!G2:G16) | C2: =AVERAGEIF(Rural_Spending_Data!D2:D16,"Urban",Rural_Spending_Data!G2:G16) | D2: =B2/SUM($B$2:$B$6)
A3: Clothing | B3: =AVERAGEIF(Rural_Spending_Data!D2:D16,"Rural",Rural_Spending_Data!H2:H16) | C3: =AVERAGEIF(Rural_Spending_Data!D2:D16,"Urban",Rural_Spending_Data!H2:H16) | D3: =B3/SUM($B$2:$B$6)
A4: Transport | B4: =AVERAGEIF(Rural_Spending_Data!D2:D16,"Rural",Rural_Spending_Data!I2:I16) | C4: =AVERAGEIF(Rural_Spending_Data!D2:D16,"Urban",Rural_Spending_Data!I2:I16) | D4: =B4/SUM($B$2:$B$6)
A5: Healthcare | B5: =AVERAGEIF(Rural_Spending_Data!D2:D16,"Rural",Rural_Spending_Data!J2:J16) | C5: =AVERAGEIF(Rural_Spending_Data!D2:D16,"Urban",Rural_Spending_Data!J2:J16) | D5: =B5/SUM($B$2:$B$6)
A6: Education | B6: =AVERAGEIF(Rural_Spending_Data!D2:D16,"Rural",Rural_Spending_Data!K2:K16) | C6: =AVERAGEIF(Rural_Spending_Data!D2:D16,"Urban",Rural_Spending_Data!K2:K16) | D6: =B6/SUM($B$2:$B$6)

Sheet Insights
A1: Insight_Area | B1: Question | C1: Your_Observation
A2: Rural spending | B2: Which category has the highest rural average?
A3: Income | B3: How does rural average income compare with urban?
A4: Age group | B4: Which rural age group has the highest average total spending?
A5: Household size | B5: Does household size appear related to total spending?
A6: Business implication | B6: What business opportunity can be inferred from the rural data?

Sheet Practice
A1: Task_No | B1: Practice_Task | C1: Expected_Output
A2: 1 | B2: Calculate average rural food spending. | C2: Numeric value
A3: 2 | B3: Calculate average rural total spending. | C3: Numeric value
A4: 3 | B4: Compare rural and urban transport spending. | C4: Difference
A5: 4 | B5: Find the rural age group with highest average total spending. | C5: Age group
A6: 5 | B6: Calculate each rural category's share of average rural spending. | C6: Percentage
A7: 6 | B7: Write 3 business insights from the dataset. | C7: 3 insights

Sheet Instructions
A1: Day | B1: Day 010
A2: Topic | B2: Analysing Demographic Data Part 2 — Rural Spending and Insights
A3: Goal | B3: Analyse rural spending patterns and compare them with urban data.
A4: Step 1 | B4: Review Rural_Spending_Data and understand each variable.
A5: Step 2 | B5: Use Rural_Analysis for rural vs urban comparison.
A6: Step 3 | B6: Use Rural_Age_Analysis for age-group analysis.
A7: Step 4 | B7: Use Spending_Summary for category analysis.
A8: Step 5 | B8: Write observations in Insights.
A9: Step 6 | B9: Complete Practice independently.
