Workbook

Sheet ACE_Gears_Dataset
A1: Record_ID | B1: Month | C1: Product | D1: Region | E1: Customer_Type | F1: Production_Units | G1: Sales_Units | H1: Scrap_Units | I1: Closing_Inventory | J1: Revenue | K1: Production_Cost
A2: 1 | B2: Jan-2023 | C2: Gears | D2: North | E2: OEM | F2: 1200 | G2: 950 | H2: 180 | I2: 70 | J2: 72000 | K2: 68400
A3: 2 | B3: Jan-2023 | C3: Shafts | D3: North | E3: OEM | F3: 900 | G3: 760 | H3: 130 | I3: 10 | J3: 54000 | K3: 57760
A4: 3 | B4: Jan-2023 | C4: Bearings | D4: North | E4: Distributor | F4: 1500 | G4: 1260 | H4: 220 | I4: 20 | J4: 75000 | K4: 65520
A5: 4 | B5: Jan-2023 | C5: Gears | D5: South | E5: OEM | F5: 1350 | G5: 1100 | H5: 210 | I5: 40 | J5: 81000 | K5: 77000
A6: 5 | B6: Jan-2023 | C6: Shafts | D6: South | E6: Distributor | F6: 1050 | G6: 880 | H6: 160 | I6: 10 | J6: 63000 | K6: 56320
A7: 6 | B7: Jan-2023 | C7: Bearings | D7: South | E7: OEM | F7: 1650 | G7: 1400 | H7: 250 | I7: 0 | J7: 82500 | K7: 80500
A8: 7 | B8: Jan-2023 | C8: Gears | D8: West | E8: Distributor | F8: 980 | G8: 820 | H8: 145 | I8: 15 | J8: 58800 | K8: 50840
A9: 8 | B9: Jan-2023 | C9: Shafts | D9: West | E9: OEM | F9: 1120 | G9: 940 | H9: 175 | I9: 5 | J9: 67200 | K9: 65800
A10: 9 | B10: Jan-2023 | C10: Bearings | D10: West | E10: Distributor | F10: 1380 | G10: 1160 | H10: 205 | I10: 15 | J10: 69000 | K10: 59890
A11: 10 | B11: Feb-2023 | C11: Gears | D11: North | E11: Distributor | F11: 1280 | G11: 1040 | H11: 195 | I11: 45 | J11: 76800 | K11: 71760
A12: 11 | B12: Feb-2023 | C12: Shafts | D12: North | E12: Distributor | F12: 970 | G12: 810 | H12: 150 | I12: 10 | J12: 58200 | K12: 53550
A13: 12 | B13: Feb-2023 | C13: Bearings | D13: North | E13: OEM | F13: 1580 | G13: 1320 | H13: 235 | I13: 25 | J13: 79000 | K13: 75900
... A25: 24 | B25: Mar-2023 | C25: Bearings | D25: West | E25: Distributor | F25: 1520 | G25: 1280 | H25: 225 | I25: 15 | J25: 76000 | K25: 66000

Sheet Dataset_Context
A1: Field | B1: Description
A2: Purpose | B2: Introduce the structure of the ACE Gears practice dataset
A3: Main Views | B3: Sales, Production and Inventory
A4: Dimensions | B4: Month, Product, Region, Customer Type
A5: Operational Measures | B5: Production Units, Sales Units, Scrap Units, Closing Inventory
A6: Financial Measures | B6: Revenue, Production Cost
A7: Scope | B7: Day 041 focuses on understanding the dataset structure
A8: Data Status | B8: Illustrative learning dataset; not the official IITM dataset

Sheet Data_Dictionary
A1: Field | B1: Meaning | C1: Category
A2: Record_ID | B2: Unique observation identifier | C2: Identifier
A3: Month | B3: Observation month | C3: Time
A4: Product | B4: Manufactured product | C4: Dimension
A5: Region | B5: Business region | C5: Dimension
A6: Customer_Type | B6: Customer group | C6: Dimension
A7: Production_Units | B7: Units produced | C7: Production
A8: Sales_Units | B8: Units sold | C8: Sales
A9: Scrap_Units | B9: Units recorded as scrap | C9: Production Quality
A10: Closing_Inventory | B10: Units remaining at period end | C10: Inventory
A11: Revenue | B11: Recorded sales value | C11: Finance
A12: Production_Cost | B12: Recorded production cost | C12: Finance

Sheet Sales_View
A1: Product | B1: Sales Units | C1: Revenue
A2: Gears | B2: =SUMIF(ACE_Gears_Dataset!$C$2:$C$25,A2,ACE_Gears_Dataset!$G$2:$G$25) | C2: =SUMIF(ACE_Gears_Dataset!$C$2:$C$25,A2,ACE_Gears_Dataset!$J$2:$J$25)
A3: Shafts | B3: =SUMIF(ACE_Gears_Dataset!$C$2:$C$25,A3,ACE_Gears_Dataset!$G$2:$G$25) | C3: =SUMIF(ACE_Gears_Dataset!$C$2:$C$25,A3,ACE_Gears_Dataset!$J$2:$J$25)
A4: Bearings | B4: =SUMIF(ACE_Gears_Dataset!$C$2:$C$25,A4,ACE_Gears_Dataset!$G$2:$G$25) | C4: =SUMIF(ACE_Gears_Dataset!$C$2:$C$25,A4,ACE_Gears_Dataset!$J$2:$J$25)

Sheet Production_View
A1: Product | B1: Production Units | C1: Scrap Units | D1: Scrap Rate
A2: Gears | B2: =SUMIF(ACE_Gears_Dataset!$C$2:$C$25,A2,ACE_Gears_Dataset!$F$2:$F$25) | C2: =SUMIF(ACE_Gears_Dataset!$C$2:$C$25,A2,ACE_Gears_Dataset!$H$2:$H$25) | D2: =C2/B2
A3: Shafts | B3: =SUMIF(ACE_Gears_Dataset!$C$2:$C$25,A3,ACE_Gears_Dataset!$F$2:$F$25) | C3: =SUMIF(ACE_Gears_Dataset!$C$2:$C$25,A3,ACE_Gears_Dataset!$H$2:$H$25) | D3: =C3/B3
A4: Bearings | B4: =SUMIF(ACE_Gears_Dataset!$C$2:$C$25,A4,ACE_Gears_Dataset!$F$2:$F$25) | C4: =SUMIF(ACE_Gears_Dataset!$C$2:$C$25,A4,ACE_Gears_Dataset!$H$2:$H$25) | D4: =C4/B4

Sheet Inventory_View
A1: Product | B1: Closing Inventory | C1: Production Units | D1: Inventory as % of Production
A2: Gears | B2: =SUMIF(ACE_Gears_Dataset!$C$2:$C$25,A2,ACE_Gears_Dataset!$I$2:$I$25) | C2: =SUMIF(ACE_Gears_Dataset!$C$2:$C$25,A2,ACE_Gears_Dataset!$F$2:$F$25) | D2: =B2/C2
A3: Shafts | B3: =SUMIF(ACE_Gears_Dataset!$C$2:$C$25,A3,ACE_Gears_Dataset!$I$2:$I$25) | C3: =SUMIF(ACE_Gears_Dataset!$C$2:$C$25,A3,ACE_Gears_Dataset!$F$2:$F$25) | D3: =B3/C3
A4: Bearings | B4: =SUMIF(ACE_Gears_Dataset!$C$2:$C$25,A4,ACE_Gears_Dataset!$I$2:$I$25) | C4: =SUMIF(ACE_Gears_Dataset!$C$2:$C$25,A4,ACE_Gears_Dataset!$F$2:$F$25) | D4: =B4/C4

Sheet Monthly_View
A1: Month | B1: Production Units | C1: Sales Units | D1: Closing Inventory | E1: Revenue
A2: Jan-2023 | B2: =SUMIF(ACE_Gears_Dataset!$B$2:$B$25,A2,ACE_Gears_Dataset!$F$2:$F$25) | C2: =SUMIF(ACE_Gears_Dataset!$B$2:$B$25,A2,ACE_Gears_Dataset!$G$2:$G$25) | D2: =SUMIF(ACE_Gears_Dataset!$B$2:$B$25,A2,ACE_Gears_Dataset!$I$2:$I$25) | E2: =SUMIF(ACE_Gears_Dataset!$B$2:$B$25,A2,ACE_Gears_Dataset!$J$2:$J$25)
A3: Feb-2023 | B3: =SUMIF(ACE_Gears_Dataset!$B$2:$B$25,A3,ACE_Gears_Dataset!$F$2:$F$25) | C3: =SUMIF(ACE_Gears_Dataset!$B$2:$B$25,A3,ACE_Gears_Dataset!$G$2:$G$25) | D3: =SUMIF(ACE_Gears_Dataset!$B$2:$B$25,A3,ACE_Gears_Dataset!$I$2:$I$25) | E3: =SUMIF(ACE_Gears_Dataset!$B$2:$B$25,A3,ACE_Gears_Dataset!$J$2:$J$25)
A4: Mar-2023 | B4: =SUMIF(ACE_Gears_Dataset!$B$2:$B$25,A4,ACE_Gears_Dataset!$F$2:$F$25) | C4: =SUMIF(ACE_Gears_Dataset!$B$2:$B$25,A4,ACE_Gears_Dataset!$G$2:$G$25) | D4: =SUMIF(ACE_Gears_Dataset!$B$2:$B$25,A4,ACE_Gears_Dataset!$I$2:$I$25) | E4: =SUMIF(ACE_Gears_Dataset!$B$2:$B$25,A4,ACE_Gears_Dataset!$J$2:$J$25)

Sheet Dataset_Questions
A1: ID | B1: Question
A2: 1 | B2: What dimensions are available in the dataset?
A3: 2 | B3: Which fields describe production?
A4: 3 | B4: Which fields describe sales?
A5: 4 | B5: Which field represents closing inventory?
A6: 5 | B6: How can production and sales be compared?
A7: 6 | B7: How can inventory be summarized by product?
A8: 7 | B8: How can the dataset be grouped by month?
A9: 8 | B9: What is the relationship between revenue and sales units?
A10: 9 | B10: What does scrap add to the production analysis?
A11: 10 | B11: Which fields could support a deeper case analysis?

Sheet Learning_Notes
A1: Topic | B1: Learning Point
A2: Dataset | B2: Start by understanding rows, columns and field meanings.
A3: Sales | B3: Sales Units and Revenue provide volume and value views.
A4: Production | B4: Production Units and Scrap Units describe manufacturing activity.
A5: Inventory | B5: Closing Inventory represents units remaining at period end.
A6: Dimensions | B6: Product, Region, Customer Type and Month organize analysis.
A7: Validation | B7: Check totals and categories before creating insights.
A8: Next Step | B8: Use the dataset for detailed case analysis after understanding its structure.

Sheet Dataset_Dashboard
A1: ACE GEARS — DATASET INTRODUCTION
A2: Day 041 | Sales, Production and Inventory
A4: Product | B4: Sales Units | C4: Production Units | D4: Closing Inventory
A5: Gears | B5: =SUMIF(ACE_Gears_Dataset!$C$2:$C$25,A5,ACE_Gears_Dataset!$G$2:$G$25) | C5: =SUMIF(ACE_Gears_Dataset!$C$2:$C$25,A5,ACE_Gears_Dataset!$F$2:$F$25) | D5: =SUMIF(ACE_Gears_Dataset!$C$2:$C$25,A5,ACE_Gears_Dataset!$I$2:$I$25)
A6: Shafts | B6: =SUMIF(ACE_Gears_Dataset!$C$2:$C$25,A6,ACE_Gears_Dataset!$G$2:$G$25) | C6: =SUMIF(ACE_Gears_Dataset!$C$2:$C$25,A6,ACE_Gears_Dataset!$F$2:$F$25) | D6: =SUMIF(ACE_Gears_Dataset!$C$2:$C$25,A6,ACE_Gears_Dataset!$I$2:$I$25)
A7: Bearings | B7: =SUMIF(ACE_Gears_Dataset!$C$2:$C$25,A7,ACE_Gears_Dataset!$G$2:$G$25) | C7: =SUMIF(ACE_Gears_Dataset!$C$2:$C$25,A7,ACE_Gears_Dataset!$F$2:$F$25) | D7: =SUMIF(ACE_Gears_Dataset!$C$2:$C$25,A7,ACE_Gears_Dataset!$I$2:$I$25)
A9: Month | B9: Revenue | C9: Sales Units | D9: Production Units
A11: Jan-2023 | B11: =SUMIF(ACE_Gears_Dataset!$B$2:$B$25,A11,ACE_Gears_Dataset!$J$2:$J$25) | C11: =SUMIF(ACE_Gears_Dataset!$B$2:$B$25,A11,ACE_Gears_Dataset!$G$2:$G$25) | D11: =SUMIF(ACE_Gears_Dataset!$B$2:$B$25,A11,ACE_Gears_Dataset!$F$2:$F$25)
A12: Feb-2023 | B12: =SUMIF(ACE_Gears_Dataset!$B$2:$B$25,A12,ACE_Gears_Dataset!$J$2:$J$25) | C12: =SUMIF(ACE_Gears_Dataset!$B$2:$B$25,A12,ACE_Gears_Dataset!$G$2:$G$25) | D12: =SUMIF(ACE_Gears_Dataset!$B$2:$B$25,A12,ACE_Gears_Dataset!$F$2:$F$25)
A13: Mar-2023 | B13: =SUMIF(ACE_Gears_Dataset!$B$2:$B$25,A13,ACE_Gears_Dataset!$J$2:$J$25) | C13: =SUMIF(ACE_Gears_Dataset!$B$2:$B$25,A13,ACE_Gears_Dataset!$G$2:$G$25) | D13: =SUMIF(ACE_Gears_Dataset!$B$2:$B$25,A13,ACE_Gears_Dataset!$F$2:$F$25)

Sheet Instructions
A1: Step | B1: Instruction
A2: 1 | B2: Read Dataset_Context.
A3: 2 | B3: Read Data_Dictionary.
A4: 3 | B4: Inspect ACE_Gears_Dataset.
A5: 4 | B5: Review Sales_View.
A6: 5 | B6: Review Production_View.
A7: 6 | B7: Review Inventory_View.
A8: 7 | B8: Review Monthly_View.
A9: 8 | B9: Attempt Dataset_Questions.
A10: 9 | B10: Review Dataset_Dashboard.
