Workbook

Sheet Credit_Card_Data
A1: Month | B1: Bank | C1: Credit_Card_Loans_Cr | D1: Active_Cards_Lakh | E1: Avg_Ticket_Rs | F1: Delinquency_%
A2: Jan | B2: Alpha Finance | C2: 420 | D2: 8.4 | E2: 50000 | F2: 2.1
A3: Feb | B3: Alpha Finance | C3: 438 | D3: 8.7 | E3: 50400 | F3: 2
A4: Mar | B4: Alpha Finance | C4: 455 | D4: 9 | E4: 50600 | F4: 2
A5: Apr | B5: Alpha Finance | C5: 472 | D5: 9.3 | E5: 50700 | F5: 1.9
A6: May | B6: Alpha Finance | C6: 491 | D6: 9.6 | E6: 51100 | F6: 1.9
A7: Jun | B7: Alpha Finance | C7: 515 | D7: 10 | E7: 51500 | F7: 1.8
A8: Jan | B8: Beta Finance | C8: 350 | D8: 7.2 | E8: 48600 | F8: 2.7
A9: Feb | B9: Beta Finance | C9: 362 | D9: 7.4 | E9: 48900 | F9: 2.6
A10: Mar | B10: Beta Finance | C10: 375 | D10: 7.7 | E10: 48700 | F10: 2.5
A11: Apr | B11: Beta Finance | C11: 388 | D11: 7.9 | E11: 49100 | F11: 2.4
A12: May | B12: Beta Finance | C12: 402 | D12: 8.2 | E12: 49000 | F12: 2.4
A13: Jun | B13: Beta Finance | C13: 420 | D13: 8.5 | E13: 49400 | F13: 2.3
... A25: Jun | B25: Delta Finance | C25: 221 | D25: 4.9 | E25: 45100 | F25: 3.1

Sheet Monthly_Market
A1: Month | B1: Total Lending Cr | C1: Market Share % | D1: Active Cards Lakh
A2: Jan | B2: =SUMIF(Credit_Card_Data!$A$2:$A$25,A2,Credit_Card_Data!$C$2:$C$25) | C2: =B2/SUM($B$2:$B$7) | D2: =SUMIF(Credit_Card_Data!$A$2:$A$25,A2,Credit_Card_Data!$D$2:$D$25)
A3: Feb | B3: =SUMIF(Credit_Card_Data!$A$2:$A$25,A3,Credit_Card_Data!$C$2:$C$25) | C3: =B3/SUM($B$2:$B$7) | D3: =SUMIF(Credit_Card_Data!$A$2:$A$25,A3,Credit_Card_Data!$D$2:$D$25)
A4: Mar | B4: =SUMIF(Credit_Card_Data!$A$2:$A$25,A4,Credit_Card_Data!$C$2:$C$25) | C4: =B4/SUM($B$2:$B$7) | D4: =SUMIF(Credit_Card_Data!$A$2:$A$25,A4,Credit_Card_Data!$D$2:$D$25)
A5: Apr | B5: =SUMIF(Credit_Card_Data!$A$2:$A$25,A5,Credit_Card_Data!$C$2:$C$25) | C5: =B5/SUM($B$2:$B$7) | D5: =SUMIF(Credit_Card_Data!$A$2:$A$25,A5,Credit_Card_Data!$D$2:$D$25)
A6: May | B6: =SUMIF(Credit_Card_Data!$A$2:$A$25,A6,Credit_Card_Data!$C$2:$C$25) | C6: =B6/SUM($B$2:$B$7) | D6: =SUMIF(Credit_Card_Data!$A$2:$A$25,A6,Credit_Card_Data!$D$2:$D$25)
A7: Jun | B7: =SUMIF(Credit_Card_Data!$A$2:$A$25,A7,Credit_Card_Data!$C$2:$C$25) | C7: =B7/SUM($B$2:$B$7) | D7: =SUMIF(Credit_Card_Data!$A$2:$A$25,A7,Credit_Card_Data!$D$2:$D$25)

Sheet Bank_Summary
A1: Bank | B1: Total Lending Cr | C1: Market Share % | D1: Total Active Cards Lakh | E1: Average Delinquency %
A2: Alpha Finance | B2: =SUMIF(Credit_Card_Data!$B$2:$B$25,A2,Credit_Card_Data!$C$2:$C$25) | C2: =B2/SUM($B$2:$B$5) | D2: =SUMIF(Credit_Card_Data!$B$2:$B$25,A2,Credit_Card_Data!$D$2:$D$25) | E2: =AVERAGEIF(Credit_Card_Data!$B$2:$B$25,A2,Credit_Card_Data!$F$2:$F$25)
A3: Beta Finance | B3: =SUMIF(Credit_Card_Data!$B$2:$B$25,A3,Credit_Card_Data!$C$2:$C$25) | C3: =B3/SUM($B$2:$B$5) | D3: =SUMIF(Credit_Card_Data!$B$2:$B$25,A3,Credit_Card_Data!$D$2:$D$25) | E3: =AVERAGEIF(Credit_Card_Data!$B$2:$B$25,A3,Credit_Card_Data!$F$2:$F$25)
A4: Gamma Finance | B4: =SUMIF(Credit_Card_Data!$B$2:$B$25,A4,Credit_Card_Data!$C$2:$C$25) | C4: =B4/SUM($B$2:$B$5) | D4: =SUMIF(Credit_Card_Data!$B$2:$B$25,A4,Credit_Card_Data!$D$2:$D$25) | E4: =AVERAGEIF(Credit_Card_Data!$B$2:$B$25,A4,Credit_Card_Data!$F$2:$F$25)
A5: Delta Finance | B5: =SUMIF(Credit_Card_Data!$B$2:$B$25,A5,Credit_Card_Data!$C$2:$C$25) | C5: =B5/SUM($B$2:$B$5) | D5: =SUMIF(Credit_Card_Data!$B$2:$B$25,A5,Credit_Card_Data!$D$2:$D$25) | E5: =AVERAGEIF(Credit_Card_Data!$B$2:$B$25,A5,Credit_Card_Data!$F$2:$F$25)

Sheet Bank_Monthly_Trend
A1: Month | B1: Alpha Finance | C1: Beta Finance | D1: Gamma Finance | E1: Delta Finance
A2: Jan | B2: =SUMIFS(Credit_Card_Data!$C$2:$C$25,Credit_Card_Data!$A$2:$A$25,$A2,Credit_Card_Data!$B$2:$B$25,B$1) | C2: =SUMIFS(Credit_Card_Data!$C$2:$C$25,Credit_Card_Data!$A$2:$A$25,$A2,Credit_Card_Data!$B$2:$B$25,C$1) | D2: =SUMIFS(Credit_Card_Data!$C$2:$C$25,Credit_Card_Data!$A$2:$A$25,$A2,Credit_Card_Data!$B$2:$B$25,D$1) | E2: =SUMIFS(Credit_Card_Data!$C$2:$C$25,Credit_Card_Data!$A$2:$A$25,$A2,Credit_Card_Data!$B$2:$B$25,E$1)
A3: Feb | B3: =SUMIFS(Credit_Card_Data!$C$2:$C$25,Credit_Card_Data!$A$2:$A$25,$A3,Credit_Card_Data!$B$2:$B$25,B$1) | C3: =SUMIFS(Credit_Card_Data!$C$2:$C$25,Credit_Card_Data!$A$2:$A$25,$A3,Credit_Card_Data!$B$2:$B$25,C$1) | D3: =SUMIFS(Credit_Card_Data!$C$2:$C$25,Credit_Card_Data!$A$2:$A$25,$A3,Credit_Card_Data!$B$2:$B$25,D$1) | E3: =SUMIFS(Credit_Card_Data!$C$2:$C$25,Credit_Card_Data!$A$2:$A$25,$A3,Credit_Card_Data!$B$2:$B$25,E$1)
A4: Mar | B4: =SUMIFS(Credit_Card_Data!$C$2:$C$25,Credit_Card_Data!$A$2:$A$25,$A4,Credit_Card_Data!$B$2:$B$25,B$1) | C4: =SUMIFS(Credit_Card_Data!$C$2:$C$25,Credit_Card_Data!$A$2:$A$25,$A4,Credit_Card_Data!$B$2:$B$25,C$1) | D4: =SUMIFS(Credit_Card_Data!$C$2:$C$25,Credit_Card_Data!$A$2:$A$25,$A4,Credit_Card_Data!$B$2:$B$25,D$1) | E4: =SUMIFS(Credit_Card_Data!$C$2:$C$25,Credit_Card_Data!$A$2:$A$25,$A4,Credit_Card_Data!$B$2:$B$25,E$1)
A5: Apr | B5: =SUMIFS(Credit_Card_Data!$C$2:$C$25,Credit_Card_Data!$A$2:$A$25,$A5,Credit_Card_Data!$B$2:$B$25,B$1) | C5: =SUMIFS(Credit_Card_Data!$C$2:$C$25,Credit_Card_Data!$A$2:$A$25,$A5,Credit_Card_Data!$B$2:$B$25,C$1) | D5: =SUMIFS(Credit_Card_Data!$C$2:$C$25,Credit_Card_Data!$A$2:$A$25,$A5,Credit_Card_Data!$B$2:$B$25,D$1) | E5: =SUMIFS(Credit_Card_Data!$C$2:$C$25,Credit_Card_Data!$A$2:$A$25,$A5,Credit_Card_Data!$B$2:$B$25,E$1)
A6: May | B6: =SUMIFS(Credit_Card_Data!$C$2:$C$25,Credit_Card_Data!$A$2:$A$25,$A6,Credit_Card_Data!$B$2:$B$25,B$1) | C6: =SUMIFS(Credit_Card_Data!$C$2:$C$25,Credit_Card_Data!$A$2:$A$25,$A6,Credit_Card_Data!$B$2:$B$25,C$1) | D6: =SUMIFS(Credit_Card_Data!$C$2:$C$25,Credit_Card_Data!$A$2:$A$25,$A6,Credit_Card_Data!$B$2:$B$25,D$1) | E6: =SUMIFS(Credit_Card_Data!$C$2:$C$25,Credit_Card_Data!$A$2:$A$25,$A6,Credit_Card_Data!$B$2:$B$25,E$1)
A7: Jun | B7: =SUMIFS(Credit_Card_Data!$C$2:$C$25,Credit_Card_Data!$A$2:$A$25,$A7,Credit_Card_Data!$B$2:$B$25,B$1) | C7: =SUMIFS(Credit_Card_Data!$C$2:$C$25,Credit_Card_Data!$A$2:$A$25,$A7,Credit_Card_Data!$B$2:$B$25,C$1) | D7: =SUMIFS(Credit_Card_Data!$C$2:$C$25,Credit_Card_Data!$A$2:$A$25,$A7,Credit_Card_Data!$B$2:$B$25,D$1) | E7: =SUMIFS(Credit_Card_Data!$C$2:$C$25,Credit_Card_Data!$A$2:$A$25,$A7,Credit_Card_Data!$B$2:$B$25,E$1)

Sheet Instructions
A1: DAY 018 — W4_L5
A2: Topic: Understanding Market Share — Part 3 | Credit Card Lending Trends
A4: Use Credit_Card_Data as the raw dataset.
A5: Study Monthly_Market to compare total lending month by month.
A6: Study Bank_Summary to compare banks and their measured market share.
A7: Study Bank_Monthly_Trend to compare lending trends across banks.
A8: Use the charts as business-visualization examples.
A9: Recreate the summaries with PivotTables when practicing.
A10: Validate totals before writing insights.
A11: Focus on trend, market share, active cards, and delinquency.
