Workbook

Sheet Credit_Loan_Data
A1: Month | B1: Institution | C1: Segment | D1: Loans_Cr | E1: Borrowers_Lakh | F1: Avg_Loan_Rs | G1: NPA_Percent
A2: Jan | B2: Alpha Finance | C2: Credit | D2: 520 | E2: 4.2 | F2: 12381 | G2: 2.2
A3: Feb | B3: Alpha Finance | C3: Credit | D3: 540 | E3: 4.3 | F3: 12558 | G3: 2.1
A4: Mar | B4: Alpha Finance | C4: Credit | D4: 565 | E4: 4.5 | F4: 12556 | G4: 2
A5: Apr | B5: Alpha Finance | C5: Credit | D5: 590 | E5: 4.7 | F5: 12553 | G5: 1.9
A6: May | B6: Alpha Finance | C6: Credit | D6: 620 | E6: 4.9 | F6: 12653 | G6: 1.9
A7: Jun | B7: Alpha Finance | C7: Credit | D7: 650 | E7: 5.1 | F7: 12745 | G7: 1.8
A8: Jan | B8: Beta Finance | C8: Microfinance | D8: 360 | E8: 6.8 | F8: 5294 | G8: 2.8
A9: Feb | B9: Beta Finance | C9: Microfinance | D9: 375 | E9: 6.9 | F9: 5435 | G9: 2.7
A10: Mar | B10: Beta Finance | C10: Microfinance | D10: 392 | E10: 7.1 | F10: 5521 | G10: 2.6
A11: Apr | B11: Beta Finance | C11: Microfinance | D11: 410 | E11: 7.3 | F11: 5616 | G11: 2.5
A12: May | B12: Beta Finance | C12: Microfinance | D12: 430 | E12: 7.5 | F12: 5733 | G12: 2.4
A13: Jun | B13: Beta Finance | C13: Microfinance | D13: 455 | E13: 7.8 | F13: 5833 | G13: 2.3
... A25: Jun | B25: Delta Finance | C25: Microfinance | D25: 262 | E25: 6.1 | F25: 4295 | G25: 3.5

Sheet Monthly_Market
A1: Month | B1: Total Lending Cr | C1: Market Share % | D1: Total Borrowers Lakh
A2: Jan | B2: =SUMIF(Credit_Loan_Data!$A$2:$A$25,A2,Credit_Loan_Data!$D$2:$D$25) | C2: =B2/SUM($B$2:$B$7) | D2: =SUMIF(Credit_Loan_Data!$A$2:$A$25,A2,Credit_Loan_Data!$E$2:$E$25)
A3: Feb | B3: =SUMIF(Credit_Loan_Data!$A$2:$A$25,A3,Credit_Loan_Data!$D$2:$D$25) | C3: =B3/SUM($B$2:$B$7) | D3: =SUMIF(Credit_Loan_Data!$A$2:$A$25,A3,Credit_Loan_Data!$E$2:$E$25)
A4: Mar | B4: =SUMIF(Credit_Loan_Data!$A$2:$A$25,A4,Credit_Loan_Data!$D$2:$D$25) | C4: =B4/SUM($B$2:$B$7) | D4: =SUMIF(Credit_Loan_Data!$A$2:$A$25,A4,Credit_Loan_Data!$E$2:$E$25)
A5: Apr | B5: =SUMIF(Credit_Loan_Data!$A$2:$A$25,A5,Credit_Loan_Data!$D$2:$D$25) | C5: =B5/SUM($B$2:$B$7) | D5: =SUMIF(Credit_Loan_Data!$A$2:$A$25,A5,Credit_Loan_Data!$E$2:$E$25)
A6: May | B6: =SUMIF(Credit_Loan_Data!$A$2:$A$25,A6,Credit_Loan_Data!$D$2:$D$25) | C6: =B6/SUM($B$2:$B$7) | D6: =SUMIF(Credit_Loan_Data!$A$2:$A$25,A6,Credit_Loan_Data!$E$2:$E$25)
A7: Jun | B7: =SUMIF(Credit_Loan_Data!$A$2:$A$25,A7,Credit_Loan_Data!$D$2:$D$25) | C7: =B7/SUM($B$2:$B$7) | D7: =SUMIF(Credit_Loan_Data!$A$2:$A$25,A7,Credit_Loan_Data!$E$2:$E$25)

Sheet Institution_Summary
A1: Institution | B1: Total Lending Cr | C1: Market Share % | D1: Total Borrowers Lakh | E1: Average NPA %
A2: Alpha Finance | B2: =SUMIF(Credit_Loan_Data!$B$2:$B$25,A2,Credit_Loan_Data!$D$2:$D$25) | C2: =B2/SUM($B$2:$B$5) | D2: =SUMIF(Credit_Loan_Data!$B$2:$B$25,A2,Credit_Loan_Data!$E$2:$E$25) | E2: =AVERAGEIF(Credit_Loan_Data!$B$2:$B$25,A2,Credit_Loan_Data!$G$2:$G$25)
A3: Beta Finance | B3: =SUMIF(Credit_Loan_Data!$B$2:$B$25,A3,Credit_Loan_Data!$D$2:$D$25) | C3: =B3/SUM($B$2:$B$5) | D3: =SUMIF(Credit_Loan_Data!$B$2:$B$25,A3,Credit_Loan_Data!$E$2:$E$25) | E3: =AVERAGEIF(Credit_Loan_Data!$B$2:$B$25,A3,Credit_Loan_Data!$G$2:$G$25)
A4: Gamma Finance | B4: =SUMIF(Credit_Loan_Data!$B$2:$B$25,A4,Credit_Loan_Data!$D$2:$D$25) | C4: =B4/SUM($B$2:$B$5) | D4: =SUMIF(Credit_Loan_Data!$B$2:$B$25,A4,Credit_Loan_Data!$E$2:$E$25) | E4: =AVERAGEIF(Credit_Loan_Data!$B$2:$B$25,A4,Credit_Loan_Data!$G$2:$G$25)
A5: Delta Finance | B5: =SUMIF(Credit_Loan_Data!$B$2:$B$25,A5,Credit_Loan_Data!$D$2:$D$25) | C5: =B5/SUM($B$2:$B$5) | D5: =SUMIF(Credit_Loan_Data!$B$2:$B$25,A5,Credit_Loan_Data!$E$2:$E$25) | E5: =AVERAGEIF(Credit_Loan_Data!$B$2:$B$25,A5,Credit_Loan_Data!$G$2:$G$25)

Sheet Segment_Summary
A1: Segment | B1: Total Lending Cr | C1: Share % | D1: Total Borrowers Lakh
A2: Credit | B2: =SUMIF(Credit_Loan_Data!$C$2:$C$25,A2,Credit_Loan_Data!$D$2:$D$25) | C2: =B2/SUM($B$2:$B$4) | D2: =SUMIF(Credit_Loan_Data!$C$2:$C$25,A2,Credit_Loan_Data!$E$2:$E$25)
A3: Microfinance | B3: =SUMIF(Credit_Loan_Data!$C$2:$C$25,A3,Credit_Loan_Data!$D$2:$D$25) | C3: =B3/SUM($B$2:$B$4) | D3: =SUMIF(Credit_Loan_Data!$C$2:$C$25,A3,Credit_Loan_Data!$E$2:$E$25)
A4: Loans | B4: =SUMIF(Credit_Loan_Data!$C$2:$C$25,A4,Credit_Loan_Data!$D$2:$D$25) | C4: =B4/SUM($B$2:$B$4) | D4: =SUMIF(Credit_Loan_Data!$C$2:$C$25,A4,Credit_Loan_Data!$E$2:$E$25)

Sheet Institution_Month
A1: Institution | B1: Jan | C1: Feb | D1: Mar | E1: Apr | F1: May | G1: Jun
A2: Alpha Finance | B2: =SUMIFS(Credit_Loan_Data!$D$2:$D$25,Credit_Loan_Data!$B$2:$B$25,$A2,Credit_Loan_Data!$A$2:$A$25,B$1) | C2: =SUMIFS(Credit_Loan_Data!$D$2:$D$25,Credit_Loan_Data!$B$2:$B$25,$A2,Credit_Loan_Data!$A$2:$A$25,C$1) | D2: =SUMIFS(Credit_Loan_Data!$D$2:$D$25,Credit_Loan_Data!$B$2:$B$25,$A2,Credit_Loan_Data!$A$2:$A$25,D$1) | E2: =SUMIFS(Credit_Loan_Data!$D$2:$D$25,Credit_Loan_Data!$B$2:$B$25,$A2,Credit_Loan_Data!$A$2:$A$25,E$1) | F2: =SUMIFS(Credit_Loan_Data!$D$2:$D$25,Credit_Loan_Data!$B$2:$B$25,$A2,Credit_Loan_Data!$A$2:$A$25,F$1) | G2: =SUMIFS(Credit_Loan_Data!$D$2:$D$25,Credit_Loan_Data!$B$2:$B$25,$A2,Credit_Loan_Data!$A$2:$A$25,G$1)
A3: Beta Finance | B3: =SUMIFS(Credit_Loan_Data!$D$2:$D$25,Credit_Loan_Data!$B$2:$B$25,$A3,Credit_Loan_Data!$A$2:$A$25,B$1) | C3: =SUMIFS(Credit_Loan_Data!$D$2:$D$25,Credit_Loan_Data!$B$2:$B$25,$A3,Credit_Loan_Data!$A$2:$A$25,C$1) | D3: =SUMIFS(Credit_Loan_Data!$D$2:$D$25,Credit_Loan_Data!$B$2:$B$25,$A3,Credit_Loan_Data!$A$2:$A$25,D$1) | E3: =SUMIFS(Credit_Loan_Data!$D$2:$D$25,Credit_Loan_Data!$B$2:$B$25,$A3,Credit_Loan_Data!$A$2:$A$25,E$1) | F3: =SUMIFS(Credit_Loan_Data!$D$2:$D$25,Credit_Loan_Data!$B$2:$B$25,$A3,Credit_Loan_Data!$A$2:$A$25,F$1) | G3: =SUMIFS(Credit_Loan_Data!$D$2:$D$25,Credit_Loan_Data!$B$2:$B$25,$A3,Credit_Loan_Data!$A$2:$A$25,G$1)
A4: Gamma Finance | B4: =SUMIFS(Credit_Loan_Data!$D$2:$D$25,Credit_Loan_Data!$B$2:$B$25,$A4,Credit_Loan_Data!$A$2:$A$25,B$1) | C4: =SUMIFS(Credit_Loan_Data!$D$2:$D$25,Credit_Loan_Data!$B$2:$B$25,$A4,Credit_Loan_Data!$A$2:$A$25,C$1) | D4: =SUMIFS(Credit_Loan_Data!$D$2:$D$25,Credit_Loan_Data!$B$2:$B$25,$A4,Credit_Loan_Data!$A$2:$A$25,D$1) | E4: =SUMIFS(Credit_Loan_Data!$D$2:$D$25,Credit_Loan_Data!$B$2:$B$25,$A4,Credit_Loan_Data!$A$2:$A$25,E$1) | F4: =SUMIFS(Credit_Loan_Data!$D$2:$D$25,Credit_Loan_Data!$B$2:$B$25,$A4,Credit_Loan_Data!$A$2:$A$25,F$1) | G4: =SUMIFS(Credit_Loan_Data!$D$2:$D$25,Credit_Loan_Data!$B$2:$B$25,$A4,Credit_Loan_Data!$A$2:$A$25,G$1)
A5: Delta Finance | B5: =SUMIFS(Credit_Loan_Data!$D$2:$D$25,Credit_Loan_Data!$B$2:$B$25,$A5,Credit_Loan_Data!$A$2:$A$25,B$1) | C5: =SUMIFS(Credit_Loan_Data!$D$2:$D$25,Credit_Loan_Data!$B$2:$B$25,$A5,Credit_Loan_Data!$A$2:$A$25,C$1) | D5: =SUMIFS(Credit_Loan_Data!$D$2:$D$25,Credit_Loan_Data!$B$2:$B$25,$A5,Credit_Loan_Data!$A$2:$A$25,D$1) | E5: =SUMIFS(Credit_Loan_Data!$D$2:$D$25,Credit_Loan_Data!$B$2:$B$25,$A5,Credit_Loan_Data!$A$2:$A$25,E$1) | F5: =SUMIFS(Credit_Loan_Data!$D$2:$D$25,Credit_Loan_Data!$B$2:$B$25,$A5,Credit_Loan_Data!$A$2:$A$25,F$1) | G5: =SUMIFS(Credit_Loan_Data!$D$2:$D$25,Credit_Loan_Data!$B$2:$B$25,$A5,Credit_Loan_Data!$A$2:$A$25,G$1)

Sheet Instructions
A1: DAY 019 — W4_L6
A2: Topic: Understanding Market Share — Part 4 | Credit, Microfinance & Loans
A4: Use Credit_Loan_Data as the raw dataset.
A5: Compare lending by institution, month and segment.
A6: Use Monthly_Market for overall monthly lending.
A7: Use Institution_Summary for institution-level market share.
A8: Use Segment_Summary for Credit, Microfinance and Loans comparison.
A9: Use Institution_Month as a cross-dimensional trend table.
A10: Recreate these summaries with PivotTables for practice.
A11: Validate totals before writing business insights.
