Workbook

Sheet Economics_Data
A1: Month | B1: Price | C1: Demand_Units | D1: Supply_Units | E1: Consumer_Income | F1: Producer_Cost
A2: Jan | B2: 100 | C2: 900 | D2: 500 | E2: 30000 | F2: 45000
A3: Feb | B3: 110 | C3: 850 | D3: 560 | E3: 30500 | F3: 45500
A4: Mar | B4: 120 | C4: 790 | D4: 620 | E4: 31000 | F4: 46500
A5: Apr | B5: 130 | C5: 720 | D5: 690 | E5: 31500 | F5: 47500
A6: May | B6: 140 | C6: 650 | D6: 760 | E6: 32000 | F6: 49000
A7: Jun | B7: 150 | C7: 590 | D7: 820 | E7: 32500 | F7: 50500
A8: Jul | B8: 140 | C8: 660 | D8: 770 | E8: 33000 | F8: 49500
A9: Aug | B9: 130 | C9: 730 | D9: 700 | E9: 33500 | F9: 48000
A10: Sep | B10: 120 | C10: 800 | D10: 640 | E10: 34000 | F10: 47000
A11: Oct | B11: 110 | C11: 860 | D11: 580 | E11: 34500 | F11: 46000
A12: Nov | B12: 100 | C12: 910 | D12: 520 | E12: 35000 | F12: 45000
A13: Dec | B13: 90 | C13: 970 | D13: 460 | E13: 35500 | F13: 44000

Sheet Calculations
A1: Metric | B1: Formula | C1: Result
A2: Average Price | B2: =AVERAGE(Economics_Data!B2:B13)
A3: Total Demand | B3: =SUM(Economics_Data!C2:C13)
A4: Total Supply | B4: =SUM(Economics_Data!D2:D13)
A5: Maximum Demand | B5: =MAX(Economics_Data!C2:C13)
A6: Minimum Demand | B6: =MIN(Economics_Data!C2:C13)
A7: Average Income | B7: =AVERAGE(Economics_Data!E2:E13)
A8: Average Producer Cost | B8: =AVERAGE(Economics_Data!F2:F13)

Sheet Demand_Supply
A1: Month | B1: Price | C1: Demand | D1: Supply | E1: Demand-Supply Gap
A2: =Economics_Data!A2 | B2: =Economics_Data!B2 | C2: =Economics_Data!C2 | D2: =Economics_Data!D2 | E2: =C2-D2
A3: =Economics_Data!A3 | B3: =Economics_Data!B3 | C3: =Economics_Data!C3 | D3: =Economics_Data!D3 | E3: =C3-D3
A4: =Economics_Data!A4 | B4: =Economics_Data!B4 | C4: =Economics_Data!C4 | D4: =Economics_Data!D4 | E4: =C4-D4
A5: =Economics_Data!A5 | B5: =Economics_Data!B5 | C5: =Economics_Data!C5 | D5: =Economics_Data!D5 | E5: =C5-D5
A6: =Economics_Data!A6 | B6: =Economics_Data!B6 | C6: =Economics_Data!C6 | D6: =Economics_Data!D6 | E6: =C6-D6
A7: =Economics_Data!A7 | B7: =Economics_Data!B7 | C7: =Economics_Data!C7 | D7: =Economics_Data!D7 | E7: =C7-D7
A8: =Economics_Data!A8 | B8: =Economics_Data!B8 | C8: =Economics_Data!C8 | D8: =Economics_Data!D8 | E8: =C8-D8
A9: =Economics_Data!A9 | B9: =Economics_Data!B9 | C9: =Economics_Data!C9 | D9: =Economics_Data!D9 | E9: =C9-D9
A10: =Economics_Data!A10 | B10: =Economics_Data!B10 | C10: =Economics_Data!C10 | D10: =Economics_Data!D10 | E10: =C10-D10
A11: =Economics_Data!A11 | B11: =Economics_Data!B11 | C11: =Economics_Data!C11 | D11: =Economics_Data!D11 | E11: =C11-D11
A12: =Economics_Data!A12 | B12: =Economics_Data!B12 | C12: =Economics_Data!C12 | D12: =Economics_Data!D12 | E12: =C12-D12
A13: =Economics_Data!A13 | B13: =Economics_Data!B13 | C13: =Economics_Data!C13 | D13: =Economics_Data!D13 | E13: =C13-D13

Sheet Practice
A1: Task | B1: Instruction | C1: Done
A2: 1 | B2: Calculate average price using AVERAGE. | C2: ☐
A3: 2 | B3: Calculate total demand using SUM. | C3: ☐
A4: 3 | B4: Calculate total supply using SUM. | C4: ☐
A5: 4 | B5: Find the month with the highest demand. | C5: ☐
A6: 5 | B6: Find the month with the lowest demand. | C6: ☐
A7: 6 | B7: Compare demand and supply for each month. | C7: ☐
A8: 7 | B8: Identify months where demand is greater than supply. | C8: ☐
A9: 8 | B9: Identify months where supply is greater than demand. | C9: ☐
A10: 9 | B10: Explain what happens to demand when price rises. | C10: ☐
A11: 10 | B11: Write 3 business/economic insights from the dataset. | C11: ☐

Sheet Instructions
A1: Day 006 Excel Practical
A2: Lecture | B2: W1_L5 — Economics Tutorial (Using Excel)
A3: Goal | B3: Use spreadsheet functions to analyse basic economic data.
A4: Main concepts | B4: Demand, Supply, Price, Income, Producer Cost
A5: Excel skills | B5: SUM, AVERAGE, MIN, MAX, cell references, ranges
A6: Important | B6: This workbook focuses on economics analysis using Excel; visualization is not required for this Day.
