Workbook

Sheet Sales_Data
A1: Order_ID | B1: Product | C1: Category | D1: Region | E1: Channel | F1: Units | G1: Unit_Price | H1: Revenue | J1: Lookup_Category | K1: Lookup_Price | L1: Lookup_Segment
A2: 1001 | B2: Laptop | C2: Electronics | D2: North | E2: Online | F2: 12 | G2: 55000 | H2: 660000 | J2: =VLOOKUP(B2,Product_Master!$A$2:$D$5,2,FALSE) | K2: =VLOOKUP(B2,Product_Master!$A$2:$D$5,3,FALSE) | L2: =VLOOKUP(B2,Product_Master!$A$2:$D$5,4,FALSE)
A3: 1002 | B3: Smartphone | C3: Electronics | D3: South | E3: Retail | F3: 25 | G3: 22000 | H3: 550000 | J3: =VLOOKUP(B3,Product_Master!$A$2:$D$5,2,FALSE) | K3: =VLOOKUP(B3,Product_Master!$A$2:$D$5,3,FALSE) | L3: =VLOOKUP(B3,Product_Master!$A$2:$D$5,4,FALSE)
A4: 1003 | B4: Shoes | C4: Fashion | D4: West | E4: Online | F4: 40 | G4: 3500 | H4: 140000 | J4: =VLOOKUP(B4,Product_Master!$A$2:$D$5,2,FALSE) | K4: =VLOOKUP(B4,Product_Master!$A$2:$D$5,3,FALSE) | L4: =VLOOKUP(B4,Product_Master!$A$2:$D$5,4,FALSE)
A5: 1004 | B5: Laptop | C5: Electronics | D5: South | E5: Online | F5: 10 | G5: 55000 | H5: 550000 | J5: =VLOOKUP(B5,Product_Master!$A$2:$D$5,2,FALSE) | K5: =VLOOKUP(B5,Product_Master!$A$2:$D$5,3,FALSE) | L5: =VLOOKUP(B5,Product_Master!$A$2:$D$5,4,FALSE)
A6: 1005 | B6: Headphones | C6: Electronics | D6: North | E6: Retail | F6: 35 | G6: 2500 | H6: 87500 | J6: =VLOOKUP(B6,Product_Master!$A$2:$D$5,2,FALSE) | K6: =VLOOKUP(B6,Product_Master!$A$2:$D$5,3,FALSE) | L6: =VLOOKUP(B6,Product_Master!$A$2:$D$5,4,FALSE)
A7: 1006 | B7: Shoes | C7: Fashion | D7: North | E7: Retail | F7: 30 | G7: 3500 | H7: 105000 | J7: =VLOOKUP(B7,Product_Master!$A$2:$D$5,2,FALSE) | K7: =VLOOKUP(B7,Product_Master!$A$2:$D$5,3,FALSE) | L7: =VLOOKUP(B7,Product_Master!$A$2:$D$5,4,FALSE)
A8: 1007 | B8: Smartphone | C8: Electronics | D8: West | E8: Online | F8: 18 | G8: 22000 | H8: 396000 | J8: =VLOOKUP(B8,Product_Master!$A$2:$D$5,2,FALSE) | K8: =VLOOKUP(B8,Product_Master!$A$2:$D$5,3,FALSE) | L8: =VLOOKUP(B8,Product_Master!$A$2:$D$5,4,FALSE)
A9: 1008 | B9: Laptop | C9: Electronics | D9: West | E9: Retail | F9: 8 | G9: 55000 | H9: 440000 | J9: =VLOOKUP(B9,Product_Master!$A$2:$D$5,2,FALSE) | K9: =VLOOKUP(B9,Product_Master!$A$2:$D$5,3,FALSE) | L9: =VLOOKUP(B9,Product_Master!$A$2:$D$5,4,FALSE)
A10: 1009 | B10: Headphones | C10: Electronics | D10: South | E10: Online | F10: 45 | G10: 2500 | H10: 112500 | J10: =VLOOKUP(B10,Product_Master!$A$2:$D$5,2,FALSE) | K10: =VLOOKUP(B10,Product_Master!$A$2:$D$5,3,FALSE) | L10: =VLOOKUP(B10,Product_Master!$A$2:$D$5,4,FALSE)
A11: 1010 | B11: Shoes | C11: Fashion | D11: South | E11: Retail | F11: 28 | G11: 3500 | H11: 98000 | J11: =VLOOKUP(B11,Product_Master!$A$2:$D$5,2,FALSE) | K11: =VLOOKUP(B11,Product_Master!$A$2:$D$5,3,FALSE) | L11: =VLOOKUP(B11,Product_Master!$A$2:$D$5,4,FALSE)
A12: 1011 | B12: Smartphone | C12: Electronics | D12: North | E12: Retail | F12: 20 | G12: 22000 | H12: 440000 | J12: =VLOOKUP(B12,Product_Master!$A$2:$D$5,2,FALSE) | K12: =VLOOKUP(B12,Product_Master!$A$2:$D$5,3,FALSE) | L12: =VLOOKUP(B12,Product_Master!$A$2:$D$5,4,FALSE)
A13: 1012 | B13: Laptop | C13: Electronics | D13: North | E13: Online | F13: 15 | G13: 55000 | H13: 825000 | J13: =VLOOKUP(B13,Product_Master!$A$2:$D$5,2,FALSE) | K13: =VLOOKUP(B13,Product_Master!$A$2:$D$5,3,FALSE) | L13: =VLOOKUP(B13,Product_Master!$A$2:$D$5,4,FALSE)
... A21: 1020 | B21: Laptop | C21: Electronics | D21: West | E21: Online | F21: 11 | G21: 55000 | H21: 605000 | J21: =VLOOKUP(B21,Product_Master!$A$2:$D$5,2,FALSE) | K21: =VLOOKUP(B21,Product_Master!$A$2:$D$5,3,FALSE) | L21: =VLOOKUP(B21,Product_Master!$A$2:$D$5,4,FALSE)

Sheet VLOOKUP_Practice
A1: Order_ID | B1: Product | C1: Units | D1: Product_Category | E1: Unit_Price | F1: Value_Segment | G1: Revenue_Check
A2: 1001 | B2: Laptop | C2: 12 | D2: =VLOOKUP(B2,Product_Master!$A$2:$D$5,2,FALSE) | E2: =VLOOKUP(B2,Product_Master!$A$2:$D$5,3,FALSE) | F2: =VLOOKUP(B2,Product_Master!$A$2:$D$5,4,FALSE) | G2: =C2*E2
A3: 1002 | B3: Smartphone | C3: 25 | D3: =VLOOKUP(B3,Product_Master!$A$2:$D$5,2,FALSE) | E3: =VLOOKUP(B3,Product_Master!$A$2:$D$5,3,FALSE) | F3: =VLOOKUP(B3,Product_Master!$A$2:$D$5,4,FALSE) | G3: =C3*E3
A4: 1003 | B4: Shoes | C4: 40 | D4: =VLOOKUP(B4,Product_Master!$A$2:$D$5,2,FALSE) | E4: =VLOOKUP(B4,Product_Master!$A$2:$D$5,3,FALSE) | F4: =VLOOKUP(B4,Product_Master!$A$2:$D$5,4,FALSE) | G4: =C4*E4
A5: 1004 | B5: Laptop | C5: 10 | D5: =VLOOKUP(B5,Product_Master!$A$2:$D$5,2,FALSE) | E5: =VLOOKUP(B5,Product_Master!$A$2:$D$5,3,FALSE) | F5: =VLOOKUP(B5,Product_Master!$A$2:$D$5,4,FALSE) | G5: =C5*E5
A6: 1005 | B6: Headphones | C6: 35 | D6: =VLOOKUP(B6,Product_Master!$A$2:$D$5,2,FALSE) | E6: =VLOOKUP(B6,Product_Master!$A$2:$D$5,3,FALSE) | F6: =VLOOKUP(B6,Product_Master!$A$2:$D$5,4,FALSE) | G6: =C6*E6
A7: 1006 | B7: Shoes | C7: 30 | D7: =VLOOKUP(B7,Product_Master!$A$2:$D$5,2,FALSE) | E7: =VLOOKUP(B7,Product_Master!$A$2:$D$5,3,FALSE) | F7: =VLOOKUP(B7,Product_Master!$A$2:$D$5,4,FALSE) | G7: =C7*E7
A8: 1007 | B8: Smartphone | C8: 18 | D8: =VLOOKUP(B8,Product_Master!$A$2:$D$5,2,FALSE) | E8: =VLOOKUP(B8,Product_Master!$A$2:$D$5,3,FALSE) | F8: =VLOOKUP(B8,Product_Master!$A$2:$D$5,4,FALSE) | G8: =C8*E8
A9: 1008 | B9: Laptop | C9: 8 | D9: =VLOOKUP(B9,Product_Master!$A$2:$D$5,2,FALSE) | E9: =VLOOKUP(B9,Product_Master!$A$2:$D$5,3,FALSE) | F9: =VLOOKUP(B9,Product_Master!$A$2:$D$5,4,FALSE) | G9: =C9*E9
A10: 1009 | B10: Headphones | C10: 45 | D10: =VLOOKUP(B10,Product_Master!$A$2:$D$5,2,FALSE) | E10: =VLOOKUP(B10,Product_Master!$A$2:$D$5,3,FALSE) | F10: =VLOOKUP(B10,Product_Master!$A$2:$D$5,4,FALSE) | G10: =C10*E10
A11: 1010 | B11: Shoes | C11: 28 | D11: =VLOOKUP(B11,Product_Master!$A$2:$D$5,2,FALSE) | E11: =VLOOKUP(B11,Product_Master!$A$2:$D$5,3,FALSE) | F11: =VLOOKUP(B11,Product_Master!$A$2:$D$5,4,FALSE) | G11: =C11*E11
A12: 1011 | B12: Smartphone | C12: 20 | D12: =VLOOKUP(B12,Product_Master!$A$2:$D$5,2,FALSE) | E12: =VLOOKUP(B12,Product_Master!$A$2:$D$5,3,FALSE) | F12: =VLOOKUP(B12,Product_Master!$A$2:$D$5,4,FALSE) | G12: =C12*E12
A13: 1012 | B13: Laptop | C13: 15 | D13: =VLOOKUP(B13,Product_Master!$A$2:$D$5,2,FALSE) | E13: =VLOOKUP(B13,Product_Master!$A$2:$D$5,3,FALSE) | F13: =VLOOKUP(B13,Product_Master!$A$2:$D$5,4,FALSE) | G13: =C13*E13
... A21: 1020 | B21: Laptop | C21: 11 | D21: =VLOOKUP(B21,Product_Master!$A$2:$D$5,2,FALSE) | E21: =VLOOKUP(B21,Product_Master!$A$2:$D$5,3,FALSE) | F21: =VLOOKUP(B21,Product_Master!$A$2:$D$5,4,FALSE) | G21: =C21*E21

Sheet Product_Master
A1: Product | B1: Category | C1: Unit_Price | D1: Value_Segment
A2: Laptop | B2: Electronics | C2: 55000 | D2: High Value
A3: Smartphone | B3: Electronics | C3: 22000 | D3: Medium Value
A4: Shoes | B4: Fashion | C4: 3500 | D4: Fashion
A5: Headphones | B5: Electronics | C5: 2500 | D5: Accessory

Sheet Pivot_Product
A1: Product | B1: Total Units | C1: Total Revenue | D1: Average Unit Price
A2: Laptop | B2: =SUMIF(Sales_Data!$B$2:$B$21,A2,Sales_Data!$F$2:$F$21) | C2: =SUMIF(Sales_Data!$B$2:$B$21,A2,Sales_Data!$H$2:$H$21) | D2: =AVERAGEIF(Sales_Data!$B$2:$B$21,A2,Sales_Data!$G$2:$G$21)
A3: Smartphone | B3: =SUMIF(Sales_Data!$B$2:$B$21,A3,Sales_Data!$F$2:$F$21) | C3: =SUMIF(Sales_Data!$B$2:$B$21,A3,Sales_Data!$H$2:$H$21) | D3: =AVERAGEIF(Sales_Data!$B$2:$B$21,A3,Sales_Data!$G$2:$G$21)
A4: Shoes | B4: =SUMIF(Sales_Data!$B$2:$B$21,A4,Sales_Data!$F$2:$F$21) | C4: =SUMIF(Sales_Data!$B$2:$B$21,A4,Sales_Data!$H$2:$H$21) | D4: =AVERAGEIF(Sales_Data!$B$2:$B$21,A4,Sales_Data!$G$2:$G$21)
A5: Headphones | B5: =SUMIF(Sales_Data!$B$2:$B$21,A5,Sales_Data!$F$2:$F$21) | C5: =SUMIF(Sales_Data!$B$2:$B$21,A5,Sales_Data!$H$2:$H$21) | D5: =AVERAGEIF(Sales_Data!$B$2:$B$21,A5,Sales_Data!$G$2:$G$21)

Sheet Pivot_Region
A1: Region | B1: Total Units | C1: Total Revenue
A2: North | B2: =SUMIF(Sales_Data!$D$2:$D$21,A2,Sales_Data!$F$2:$F$21) | C2: =SUMIF(Sales_Data!$D$2:$D$21,A2,Sales_Data!$H$2:$H$21)
A3: South | B3: =SUMIF(Sales_Data!$D$2:$D$21,A3,Sales_Data!$F$2:$F$21) | C3: =SUMIF(Sales_Data!$D$2:$D$21,A3,Sales_Data!$H$2:$H$21)
A4: West | B4: =SUMIF(Sales_Data!$D$2:$D$21,A4,Sales_Data!$F$2:$F$21) | C4: =SUMIF(Sales_Data!$D$2:$D$21,A4,Sales_Data!$H$2:$H$21)

Sheet Pivot_Channel
A1: Channel | B1: Total Units | C1: Total Revenue
A2: Online | B2: =SUMIF(Sales_Data!$E$2:$E$21,A2,Sales_Data!$F$2:$F$21) | C2: =SUMIF(Sales_Data!$E$2:$E$21,A2,Sales_Data!$H$2:$H$21)
A3: Retail | B3: =SUMIF(Sales_Data!$E$2:$E$21,A3,Sales_Data!$F$2:$F$21) | C3: =SUMIF(Sales_Data!$E$2:$E$21,A3,Sales_Data!$H$2:$H$21)

Sheet Key_Questions
A1: Question | B1: Expected Analysis
A2: Which product generates the highest revenue? | B2: Product revenue summary
A3: Which region has the highest revenue? | B3: Regional summary
A4: Which channel has the highest revenue? | B4: Channel summary
A5: How can VLOOKUP enrich a sales table? | B5: Retrieve category, price and segment
A6: Why use Pivot Tables? | B6: Fast grouped summaries and business reporting

Sheet Business_Insights
A1: Insight Area | B1: Observation
A2: Product | B2: Laptop contributes the largest revenue in the sample.
A3: Region | B3: North, South and West can be compared using the regional summary.
A4: Channel | B4: Online and Retail performance can be compared through the channel summary.
A5: VLOOKUP | B5: Product attributes are retrieved from Product_Master using Product as the lookup key.
A6: Pivot-style summary | B6: SUMIF/AVERAGEIF summaries reproduce the core grouping logic used in Pivot Tables.

Sheet Instructions
A1: Step | B1: Task
A2: 1 | B2: Review Sales_Data and identify the lookup key: Product.
A3: 2 | B3: Open Product_Master and understand the lookup table.
A4: 3 | B4: Review VLOOKUP_Practice and inspect the VLOOKUP formulas.
A5: 4 | B5: Compare Product, Region and Channel summaries.
A6: 5 | B6: Use the dashboard charts to communicate the findings.
A7: 6 | B7: Change a product in VLOOKUP_Practice and observe the retrieved fields.

Sheet VLOOKUP_Pivot_Dashboard
A1: VLOOKUP & PIVOT TABLE — BUSINESS DASHBOARD
A2: Day 036 | Excel data retrieval and summary tools
A4: Total Revenue | B4: =SUM(Sales_Data!H2:H21) | D4: Total Units | E4: =SUM(Sales_Data!F2:F21) | G4: Orders | H4: =COUNTA(Sales_Data!A2:A21)
A7: Product | B7: Revenue | D7: Region | E7: Revenue
A8: Laptop | B8: =SUMIF(Sales_Data!$B$2:$B$21,A8,Sales_Data!$H$2:$H$21) | D8: North | E8: =SUMIF(Sales_Data!$D$2:$D$21,D8,Sales_Data!$H$2:$H$21)
A9: Smartphone | B9: =SUMIF(Sales_Data!$B$2:$B$21,A9,Sales_Data!$H$2:$H$21) | D9: South | E9: =SUMIF(Sales_Data!$D$2:$D$21,D9,Sales_Data!$H$2:$H$21)
A10: Shoes | B10: =SUMIF(Sales_Data!$B$2:$B$21,A10,Sales_Data!$H$2:$H$21) | D10: West | E10: =SUMIF(Sales_Data!$D$2:$D$21,D10,Sales_Data!$H$2:$H$21)
A11: Headphones | B11: =SUMIF(Sales_Data!$B$2:$B$21,A11,Sales_Data!$H$2:$H$21)
