Workbook

Sheet Ecommerce_Data
A1: Order_ID | B1: Month | C1: Category | D1: Channel | E1: Region | F1: Orders | G1: Units | H1: Revenue_Lakh
A2: EC001 | B2: Jan | C2: Electronics | D2: Website | E2: North | F2: 120 | G2: 150 | H2: 18.5
A3: EC002 | B3: Jan | C3: Fashion | D3: Marketplace | E3: South | F3: 180 | G3: 240 | H3: 12.8
A4: EC003 | B4: Jan | C4: Grocery | D4: App | E4: West | F4: 210 | G4: 310 | H4: 9.6
A5: EC004 | B5: Feb | C5: Electronics | D5: Website | E5: East | F5: 135 | G5: 168 | H5: 20.4
A6: EC005 | B6: Feb | C6: Fashion | D6: App | E6: North | F6: 195 | G6: 255 | H6: 14.2
A7: EC006 | B7: Feb | C7: Grocery | D7: Marketplace | E7: South | F7: 225 | G7: 330 | H7: 10.1
A8: EC007 | B8: Mar | C8: Electronics | D8: App | E8: West | F8: 150 | G8: 188 | H8: 22.1
A9: EC008 | B9: Mar | C9: Fashion | D9: Website | E9: East | F9: 205 | G9: 270 | H9: 15.3
A10: EC009 | B10: Mar | C10: Grocery | D10: App | E10: North | F10: 235 | G10: 345 | H10: 10.8
A11: EC010 | B11: Apr | C11: Electronics | D11: Marketplace | E11: South | F11: 165 | G11: 205 | H11: 24
A12: EC011 | B12: Apr | C12: Fashion | D12: Website | E12: West | F12: 220 | G12: 290 | H12: 16.1
A13: EC012 | B13: Apr | C13: Grocery | D13: App | E13: East | F13: 250 | G13: 365 | H13: 11.7
... A19: EC018 | B19: Jun | C19: Grocery | D19: Marketplace | E19: South | F19: 285 | G19: 420 | H19: 14

Sheet Monthly_Summary
A1: Group | B1: Orders | C1: Units | D1: Revenue_Lakh
A2: Jan | B2: =SUMIF(Ecommerce_Data!$B$2:$B$19,A2,Ecommerce_Data!$F$2:$F$19) | C2: =SUMIF(Ecommerce_Data!$B$2:$B$19,A2,Ecommerce_Data!$G$2:$G$19) | D2: =SUMIF(Ecommerce_Data!$B$2:$B$19,A2,Ecommerce_Data!$H$2:$H$19)
A3: Feb | B3: =SUMIF(Ecommerce_Data!$B$2:$B$19,A3,Ecommerce_Data!$F$2:$F$19) | C3: =SUMIF(Ecommerce_Data!$B$2:$B$19,A3,Ecommerce_Data!$G$2:$G$19) | D3: =SUMIF(Ecommerce_Data!$B$2:$B$19,A3,Ecommerce_Data!$H$2:$H$19)
A4: Mar | B4: =SUMIF(Ecommerce_Data!$B$2:$B$19,A4,Ecommerce_Data!$F$2:$F$19) | C4: =SUMIF(Ecommerce_Data!$B$2:$B$19,A4,Ecommerce_Data!$G$2:$G$19) | D4: =SUMIF(Ecommerce_Data!$B$2:$B$19,A4,Ecommerce_Data!$H$2:$H$19)
A5: Apr | B5: =SUMIF(Ecommerce_Data!$B$2:$B$19,A5,Ecommerce_Data!$F$2:$F$19) | C5: =SUMIF(Ecommerce_Data!$B$2:$B$19,A5,Ecommerce_Data!$G$2:$G$19) | D5: =SUMIF(Ecommerce_Data!$B$2:$B$19,A5,Ecommerce_Data!$H$2:$H$19)
A6: May | B6: =SUMIF(Ecommerce_Data!$B$2:$B$19,A6,Ecommerce_Data!$F$2:$F$19) | C6: =SUMIF(Ecommerce_Data!$B$2:$B$19,A6,Ecommerce_Data!$G$2:$G$19) | D6: =SUMIF(Ecommerce_Data!$B$2:$B$19,A6,Ecommerce_Data!$H$2:$H$19)
A7: Jun | B7: =SUMIF(Ecommerce_Data!$B$2:$B$19,A7,Ecommerce_Data!$F$2:$F$19) | C7: =SUMIF(Ecommerce_Data!$B$2:$B$19,A7,Ecommerce_Data!$G$2:$G$19) | D7: =SUMIF(Ecommerce_Data!$B$2:$B$19,A7,Ecommerce_Data!$H$2:$H$19)

Sheet Category_Summary
A1: Group | B1: Orders | C1: Units | D1: Revenue_Lakh
A2: Electronics | B2: =SUMIF(Ecommerce_Data!$C$2:$C$19,A2,Ecommerce_Data!$F$2:$F$19) | C2: =SUMIF(Ecommerce_Data!$C$2:$C$19,A2,Ecommerce_Data!$G$2:$G$19) | D2: =SUMIF(Ecommerce_Data!$C$2:$C$19,A2,Ecommerce_Data!$H$2:$H$19)
A3: Fashion | B3: =SUMIF(Ecommerce_Data!$C$2:$C$19,A3,Ecommerce_Data!$F$2:$F$19) | C3: =SUMIF(Ecommerce_Data!$C$2:$C$19,A3,Ecommerce_Data!$G$2:$G$19) | D3: =SUMIF(Ecommerce_Data!$C$2:$C$19,A3,Ecommerce_Data!$H$2:$H$19)
A4: Grocery | B4: =SUMIF(Ecommerce_Data!$C$2:$C$19,A4,Ecommerce_Data!$F$2:$F$19) | C4: =SUMIF(Ecommerce_Data!$C$2:$C$19,A4,Ecommerce_Data!$G$2:$G$19) | D4: =SUMIF(Ecommerce_Data!$C$2:$C$19,A4,Ecommerce_Data!$H$2:$H$19)

Sheet Channel_Summary
A1: Group | B1: Orders | C1: Units | D1: Revenue_Lakh
A2: Website | B2: =SUMIF(Ecommerce_Data!$D$2:$D$19,A2,Ecommerce_Data!$F$2:$F$19) | C2: =SUMIF(Ecommerce_Data!$D$2:$D$19,A2,Ecommerce_Data!$G$2:$G$19) | D2: =SUMIF(Ecommerce_Data!$D$2:$D$19,A2,Ecommerce_Data!$H$2:$H$19)
A3: App | B3: =SUMIF(Ecommerce_Data!$D$2:$D$19,A3,Ecommerce_Data!$F$2:$F$19) | C3: =SUMIF(Ecommerce_Data!$D$2:$D$19,A3,Ecommerce_Data!$G$2:$G$19) | D3: =SUMIF(Ecommerce_Data!$D$2:$D$19,A3,Ecommerce_Data!$H$2:$H$19)
A4: Marketplace | B4: =SUMIF(Ecommerce_Data!$D$2:$D$19,A4,Ecommerce_Data!$F$2:$F$19) | C4: =SUMIF(Ecommerce_Data!$D$2:$D$19,A4,Ecommerce_Data!$G$2:$G$19) | D4: =SUMIF(Ecommerce_Data!$D$2:$D$19,A4,Ecommerce_Data!$H$2:$H$19)

Sheet Region_Summary
A1: Group | B1: Orders | C1: Units | D1: Revenue_Lakh
A2: North | B2: =SUMIF(Ecommerce_Data!$E$2:$E$19,A2,Ecommerce_Data!$F$2:$F$19) | C2: =SUMIF(Ecommerce_Data!$E$2:$E$19,A2,Ecommerce_Data!$G$2:$G$19) | D2: =SUMIF(Ecommerce_Data!$E$2:$E$19,A2,Ecommerce_Data!$H$2:$H$19)
A3: South | B3: =SUMIF(Ecommerce_Data!$E$2:$E$19,A3,Ecommerce_Data!$F$2:$F$19) | C3: =SUMIF(Ecommerce_Data!$E$2:$E$19,A3,Ecommerce_Data!$G$2:$G$19) | D3: =SUMIF(Ecommerce_Data!$E$2:$E$19,A3,Ecommerce_Data!$H$2:$H$19)
A4: East | B4: =SUMIF(Ecommerce_Data!$E$2:$E$19,A4,Ecommerce_Data!$F$2:$F$19) | C4: =SUMIF(Ecommerce_Data!$E$2:$E$19,A4,Ecommerce_Data!$G$2:$G$19) | D4: =SUMIF(Ecommerce_Data!$E$2:$E$19,A4,Ecommerce_Data!$H$2:$H$19)
A5: West | B5: =SUMIF(Ecommerce_Data!$E$2:$E$19,A5,Ecommerce_Data!$F$2:$F$19) | C5: =SUMIF(Ecommerce_Data!$E$2:$E$19,A5,Ecommerce_Data!$G$2:$G$19) | D5: =SUMIF(Ecommerce_Data!$E$2:$E$19,A5,Ecommerce_Data!$H$2:$H$19)

Sheet Dashboard
A1: Day 021 — Introduction to E-Commerce
A3: Total Orders | B3: =SUM(Ecommerce_Data!F2:F19)
A4: Total Units | B4: =SUM(Ecommerce_Data!G2:G19)
A5: Total Revenue (Lakh) | B5: =SUM(Ecommerce_Data!H2:H19)
A6: Average Revenue / Order | B6: =B5/B3

Sheet Business_Insights
A1: Area | B1: Observation
A2: Monthly trend | B2: Revenue increases across the six-month sample.
A3: Category | B3: Electronics has the highest sample revenue.
A4: Channel | B4: Website, App and Marketplace represent different digital routes.
A5: Business view | B5: Orders, units and revenue should be considered together.
A6: Analysis lens | B6: Month, category, channel and region are useful dimensions.
A7: Next step | B7: The next lecture can extend this foundation into an e-commerce case study.

Sheet Instructions
A1: Step | B1: Task
A2: 1 | B2: Open Ecommerce_Data and inspect the fields.
A3: 2 | B3: Review monthly orders, units and revenue.
A4: 3 | B4: Compare category-level revenue.
A5: 4 | B5: Compare Website, App and Marketplace performance.
A6: 5 | B6: Use the Dashboard charts to identify patterns.
A7: 6 | B7: Write three business observations.
A8: 7 | B8: Treat all values as learning/sample data.
