Workbook

Sheet Tutorial_Data
A1: Illustrative Tutorial Assignment Dataset
A3: Record_ID | B3: Month | C3: Raw_Material | D3: Region | E3: Opening_Inventory | F3: Purchases | G3: Material_Usage | H3: Closing_Inventory | I3: Unit_Cost | J3: Inventory_Value | K3: Lead_Time_Days | L3: Safety_Stock_Days | M3: Lead_Time_Demand | N3: Safety_Stock | O3: Reorder_Point | P3: Inventory_Gap | Q3: Stock_Status
A4: 1 | B4: Jan-2023 | C4: Steel | D4: North | E4: 288 | F4: 400 | G4: 350 | H4: 338 | I4: 38 | J4: 12844 | K4: 42 | L4: 12 | M4: 490 | N4: 140 | O4: 630 | P4: -292 | Q4: Below Reorder Point
A5: 2 | B5: Jan-2023 | C5: Steel | D5: South | E5: 271 | F5: 376 | G5: 329 | H5: 318 | I5: 38 | J5: 12084 | K5: 42 | L5: 12 | M5: 461 | N5: 132 | O5: 593 | P5: -275 | Q5: Below Reorder Point
A6: 3 | B6: Jan-2023 | C6: Steel | D6: West | E6: 311 | F6: 432 | G6: 378 | H6: 365 | I6: 38 | J6: 13870 | K6: 42 | L6: 12 | M6: 529 | N6: 151 | O6: 680 | P6: -315 | Q6: Below Reorder Point
A7: 4 | B7: Jan-2023 | C7: Aluminium | D7: North | E7: 216 | F7: 300 | G7: 260 | H7: 256 | I7: 55 | J7: 14080 | K7: 35 | L7: 10 | M7: 303 | N7: 87 | O7: 390 | P7: -134 | Q7: Below Reorder Point
A8: 5 | B8: Jan-2023 | C8: Aluminium | D8: South | E8: 203 | F8: 282 | G8: 244 | H8: 241 | I8: 55 | J8: 13255 | K8: 35 | L8: 10 | M8: 285 | N8: 81 | O8: 366 | P8: -125 | Q8: Below Reorder Point
A9: 6 | B9: Jan-2023 | C9: Aluminium | D9: West | E9: 233 | F9: 324 | G9: 281 | H9: 276 | I9: 55 | J9: 15180 | K9: 35 | L9: 10 | M9: 328 | N9: 94 | O9: 422 | P9: -146 | Q9: Below Reorder Point
A10: 7 | B10: Jan-2023 | C10: Copper | D10: North | E10: 156 | F10: 217 | G10: 190 | H10: 183 | I10: 72 | J10: 13176 | K10: 28 | L10: 8 | M10: 177 | N10: 51 | O10: 228 | P10: -45 | Q10: Below Reorder Point
A11: 8 | B11: Jan-2023 | C11: Copper | D11: South | E11: 147 | F11: 204 | G11: 179 | H11: 172 | I11: 72 | J11: 12384 | K11: 28 | L11: 8 | M11: 167 | N11: 48 | O11: 215 | P11: -43 | Q11: Below Reorder Point
A12: 9 | B12: Jan-2023 | C12: Copper | D12: West | E12: 168 | F12: 234 | G12: 205 | H12: 197 | I12: 72 | J12: 14184 | K12: 28 | L12: 8 | M12: 191 | N12: 55 | O12: 246 | P12: -49 | Q12: Below Reorder Point
A13: 10 | B13: Feb-2023 | C13: Steel | D13: North | E13: 288 | F13: 416 | G13: 364 | H13: 340 | I13: 38 | J13: 12920 | K13: 42 | L13: 12 | M13: 510 | N13: 146 | O13: 656 | P13: -316 | Q13: Below Reorder Point
A14: 11 | B14: Feb-2023 | C14: Steel | D14: South | E14: 271 | F14: 391 | G14: 342 | H14: 320 | I14: 38 | J14: 12160 | K14: 42 | L14: 12 | M14: 479 | N14: 137 | O14: 616 | P14: -296 | Q14: Below Reorder Point
A15: 12 | B15: Feb-2023 | C15: Steel | D15: West | E15: 311 | F15: 449 | G15: 393 | H15: 367 | I15: 38 | J15: 13946 | K15: 42 | L15: 12 | M15: 550 | N15: 157 | O15: 707 | P15: -340 | Q15: Below Reorder Point
... A57: 54 | B57: Jun-2023 | C57: Copper | D57: West | E57: 168 | F57: 241 | G57: 211 | H57: 198 | I57: 72 | J57: 14256 | K57: 28 | L57: 8 | M57: 197 | N57: 56 | O57: 253 | P57: -55 | Q57: Below Reorder Point

Sheet Assignment_Tasks
A1: Tutorial Assignment Tasks
A3: Task_ID | B3: Task | C3: Expected_Output
A4: 1 | B4: Calculate total purchases by raw material. | C4: Material purchase summary
A5: 2 | B5: Calculate total material usage by raw material. | C5: Material usage summary
A6: 3 | B6: Calculate average closing inventory by raw material. | C6: Average inventory table
A7: 4 | B7: Calculate average inventory value by raw material. | C7: Average inventory-value table
A8: 5 | B8: Identify the material with the highest total usage. | C8: Named material + supporting value
A9: 6 | B9: Calculate monthly purchases. | C9: Monthly purchase table
A10: 7 | B10: Calculate monthly material usage. | C10: Monthly usage table
A11: 8 | B11: Calculate monthly closing inventory. | C11: Monthly inventory table
A12: 9 | B12: Compare regional average closing inventory. | C12: Regional comparison
A13: 10 | B13: Calculate lead-time demand by material. | C13: Lead-time demand table
A14: 11 | B14: Calculate reorder point by material. | C14: Reorder-point table
A15: 12 | B15: Calculate inventory gap by material. | C15: Inventory-gap table
... A18: 15 | B18: Prepare a short management presentation using the dashboard. | C18: 5-slide presentation outline

Sheet Answer_Key
A1: Expected Analysis Approach
A3: Task_ID | B3: Expected_Approach
A4: 1 | B4: Group by Raw_Material and sum Purchases.
A5: 2 | B5: Group by Raw_Material and sum Material_Usage.
A6: 3 | B6: Group by Raw_Material and average Closing_Inventory.
A7: 4 | B7: Group by Raw_Material and average Inventory_Value.
A8: 5 | B8: Compare the material-level Material_Usage totals.
A9: 6 | B9: Group by Month and sum Purchases.
A10: 7 | B10: Group by Month and sum Material_Usage.
A11: 8 | B11: Group by Month and sum Closing_Inventory.
A12: 9 | B12: Group by Region and average Closing_Inventory.
A13: 10 | B13: Average Daily Usage × Lead Time.
A14: 11 | B14: Lead-Time Demand + Safety Stock.
A15: 12 | B15: Closing Inventory − Reorder Point.
... A18: 15 | B18: Context → Data → Inventory → Reorder → Insights.

Sheet Material_Analysis
A1: Raw Material Analysis
A3: Raw_Material | B3: Total_Purchases | C3: Total_Usage | D3: Avg_Closing_Inventory | E3: Avg_Inventory_Value | F3: Avg_Lead_Time_Demand | G3: Avg_Safety_Stock | H3: Avg_Reorder_Point | I3: Avg_Inventory_Gap
A4: Aluminium | B4: 5607 | C4: 4859 | D4: 258.88889 | E4: 14238.889 | F4: 314.88889 | G4: 89.944444 | H4: 404.83333 | I4: -145.94444
A5: Copper | B5: 4051 | C5: 3552 | D5: 184.72222 | E5: 13300 | F5: 184.16667 | G5: 52.666667 | H5: 236.83333 | I5: -52.111111
A6: Steel | B6: 7478 | C6: 6544 | D6: 341.88889 | E6: 12991.778 | F6: 509.11111 | G6: 145.55556 | H6: 654.66667 | I6: -312.77778

Sheet Monthly_Analysis
A1: Monthly Analysis
A3: Month | B3: Purchases | C3: Material_Usage | D3: Closing_Inventory | E3: Inventory_Value | F3: Lead_Time_Demand | G3: Reorder_Point
A4: Jan-2023 | B4: 2769 | C4: 2416 | D4: 2346 | E4: 121057 | F4: 2931 | G4: 3770
A5: Feb-2023 | B5: 2878 | C5: 2512 | D5: 2359 | E5: 121704 | F5: 3049 | G5: 3921
A6: Mar-2023 | B6: 2686 | C6: 2343 | D6: 2336 | E6: 120558 | F6: 2843 | G6: 3656
A7: Apr-2023 | B7: 2935 | C7: 2562 | D7: 2366 | E7: 122089 | F7: 3108 | G7: 3995
A8: May-2023 | B8: 3017 | C8: 2634 | D8: 2376 | E8: 122588 | F8: 3196 | G8: 4110
A9: Jun-2023 | B9: 2851 | C9: 2488 | D9: 2356 | E9: 121556 | F9: 3020 | G9: 3882

Sheet Regional_Analysis
A1: Regional Analysis
A3: Region | B3: Purchases | C3: Material_Usage | D3: Avg_Closing_Inventory | E3: Avg_Inventory_Value | F3: Avg_Lead_Time_Demand | G3: Avg_Reorder_Point | H3: Avg_Inventory_Gap
A4: North | B4: 5674 | C4: 4952 | D4: 260.11111 | E4: 13422.111 | F4: 333.83333 | G4: 429.22222 | H4: -169.11111
A5: South | B5: 5335 | C5: 4655 | D5: 244.77778 | E5: 12632.611 | F5: 313.83333 | G5: 403.61111 | H5: -158.83333
A6: West | B6: 6127 | C6: 5348 | D6: 280.61111 | E6: 14475.944 | F6: 360.5 | G6: 463.5 | H6: -182.88889

Sheet Stock_Status
A1: Stock Status Summary
A3: Stock_Status | B3: Records
A4: Below Reorder Point | B4: 54

Sheet Assignment_Working
A1: Material | B1: Total Purchases | C1: Total Usage | D1: Avg Closing Inventory | E1: Avg Inventory Value | F1: Avg Lead-Time Demand | G1: Avg Safety Stock | H1: Avg Reorder Point | I1: Avg Inventory Gap | J1: Status
A2: Steel | B2: =SUMIF(Tutorial_Data!$C:$C,A2,Tutorial_Data!$F:$F) | C2: =SUMIF(Tutorial_Data!$C:$C,A2,Tutorial_Data!$G:$G) | D2: =AVERAGEIF(Tutorial_Data!$C:$C,A2,Tutorial_Data!$H:$H) | E2: =AVERAGEIF(Tutorial_Data!$C:$C,A2,Tutorial_Data!$J:$J) | F2: =AVERAGEIF(Tutorial_Data!$C:$C,A2,Tutorial_Data!$M:$M) | G2: =AVERAGEIF(Tutorial_Data!$C:$C,A2,Tutorial_Data!$N:$N) | H2: =AVERAGEIF(Tutorial_Data!$C:$C,A2,Tutorial_Data!$O:$O) | I2: =AVERAGEIF(Tutorial_Data!$C:$C,A2,Tutorial_Data!$P:$P) | J2: =IF(I2<0,"Below Reorder Point","At/Above Reorder Point")
A3: Aluminium | B3: =SUMIF(Tutorial_Data!$C:$C,A3,Tutorial_Data!$F:$F) | C3: =SUMIF(Tutorial_Data!$C:$C,A3,Tutorial_Data!$G:$G) | D3: =AVERAGEIF(Tutorial_Data!$C:$C,A3,Tutorial_Data!$H:$H) | E3: =AVERAGEIF(Tutorial_Data!$C:$C,A3,Tutorial_Data!$J:$J) | F3: =AVERAGEIF(Tutorial_Data!$C:$C,A3,Tutorial_Data!$M:$M) | G3: =AVERAGEIF(Tutorial_Data!$C:$C,A3,Tutorial_Data!$N:$N) | H3: =AVERAGEIF(Tutorial_Data!$C:$C,A3,Tutorial_Data!$O:$O) | I3: =AVERAGEIF(Tutorial_Data!$C:$C,A3,Tutorial_Data!$P:$P) | J3: =IF(I3<0,"Below Reorder Point","At/Above Reorder Point")
A4: Copper | B4: =SUMIF(Tutorial_Data!$C:$C,A4,Tutorial_Data!$F:$F) | C4: =SUMIF(Tutorial_Data!$C:$C,A4,Tutorial_Data!$G:$G) | D4: =AVERAGEIF(Tutorial_Data!$C:$C,A4,Tutorial_Data!$H:$H) | E4: =AVERAGEIF(Tutorial_Data!$C:$C,A4,Tutorial_Data!$J:$J) | F4: =AVERAGEIF(Tutorial_Data!$C:$C,A4,Tutorial_Data!$M:$M) | G4: =AVERAGEIF(Tutorial_Data!$C:$C,A4,Tutorial_Data!$N:$N) | H4: =AVERAGEIF(Tutorial_Data!$C:$C,A4,Tutorial_Data!$O:$O) | I4: =AVERAGEIF(Tutorial_Data!$C:$C,A4,Tutorial_Data!$P:$P) | J4: =IF(I4<0,"Below Reorder Point","At/Above Reorder Point")

Sheet Submission_Checklist
A1: Tutorial Assignment Submission Checklist
A3: Criterion | B3: Check
A4: Data preparation | B4: Dataset reviewed and fields understood
A5: Formula accuracy | B5: Lead-time and reorder formulas are correct
A6: Material analysis | B6: Material summaries completed
A7: Monthly analysis | B7: Monthly summaries completed
A8: Regional analysis | B8: Regional comparison completed
A9: Inventory interpretation | B9: Inventory gap and stock status interpreted
A10: Visualization | B10: Charts are readable and relevant
A11: Business insights | B11: Insights are supported by data
A12: Presentation structure | B12: Clear beginning, analysis and conclusion
A13: Documentation | B13: Files and assumptions documented

Sheet Tutorial_Assignment_Dashboard
A1: Day 057 — W8_L10 Tutorial Assignment
A2: Illustrative tutorial dataset | Use the dashboard to support your assignment presentation.
A37: Presentation Guidance
A38: Use the charts and summary tables as evidence. Explain the observation first, then the business meaning. Avoid unsupported conclusions.
