Workbook

Sheet Instructions
A1: Day 089 — W12 L2 — How Businesses are Managed
A2: Author | B2: Saloni Tiwari
A3: Programme | B3: IIT Madras BS Degree — Diploma Level
A4: Day | B4: 089
A5: Topic | B5: How Businesses are Managed
A7: Purpose | B7: Educational synthetic dataset for understanding management activities, targets, KPIs, teams, budgets, and business decisions.
A8: Management Cycle | B8: Plan → Organise → Lead → Monitor → Review → Improve
A9: Important | B9: Values in this workbook are synthetic and intended for learning business analytics techniques.

Sheet Management_Data
A1: Day 089 — Business Management Dataset
A2: Synthetic educational data — for learning only.
A3: Month | B3: Business_Function | C3: Manager | D3: Team_Size | E3: Target_Rupee | F3: Actual_Rupee | G3: Budget_Rupee | H3: Actual_Cost_Rupee | I3: Tasks_Planned | J3: Tasks_Completed | K3: Issues_Resolved | L3: Customer_Satisfaction_%
A4: Jan-2026 | B4: Sales | C4: Manager A | D4: 8 | E4: 1200000 | F4: 1160000 | G4: 450000 | H4: 438000 | I4: 52 | J4: 48 | K4: 36 | L4: 88
A5: Jan-2026 | B5: Operations | C5: Manager B | D5: 14 | E5: 980000 | F5: 950000 | G5: 620000 | H5: 610000 | I5: 64 | J5: 59 | K5: 45 | L5: 86
A6: Jan-2026 | B6: Marketing | C6: Manager C | D6: 6 | E6: 700000 | F6: 735000 | G6: 280000 | H6: 292000 | I6: 38 | J6: 35 | K6: 28 | L6: 89
A7: Jan-2026 | B7: Customer Service | C7: Manager D | D7: 10 | E7: 500000 | F7: 485000 | G7: 240000 | H7: 231000 | I7: 46 | J7: 44 | K7: 39 | L7: 91
A8: Feb-2026 | B8: Sales | C8: Manager A | D8: 8 | E8: 1250000 | F8: 1280000 | G8: 465000 | H8: 472000 | I8: 55 | J8: 52 | K8: 40 | L8: 89
A9: Feb-2026 | B9: Operations | C9: Manager B | D9: 14 | E9: 1020000 | F9: 990000 | G9: 635000 | H9: 628000 | I9: 67 | J9: 63 | K9: 49 | L9: 87
A10: Feb-2026 | B10: Marketing | C10: Manager C | D10: 6 | E10: 720000 | F10: 750000 | G10: 290000 | H10: 296000 | I10: 40 | J10: 38 | K10: 31 | L10: 90
A11: Feb-2026 | B11: Customer Service | C11: Manager D | D11: 10 | E11: 520000 | F11: 530000 | G11: 248000 | H11: 250000 | I11: 48 | J11: 46 | K11: 41 | L11: 92
A12: Mar-2026 | B12: Sales | C12: Manager A | D12: 9 | E12: 1300000 | F12: 1275000 | G12: 480000 | H12: 469000 | I12: 58 | J12: 54 | K12: 43 | L12: 89
A13: Mar-2026 | B13: Operations | C13: Manager B | D13: 15 | E13: 1060000 | F13: 1085000 | G13: 650000 | H13: 657000 | I13: 70 | J13: 67 | K13: 52 | L13: 88
A14: Mar-2026 | B14: Marketing | C14: Manager C | D14: 6 | E14: 750000 | F14: 770000 | G14: 300000 | H14: 305000 | I14: 42 | J14: 40 | K14: 33 | L14: 90
A15: Mar-2026 | B15: Customer Service | C15: Manager D | D15: 10 | E15: 540000 | F15: 548000 | G15: 255000 | H15: 258000 | I15: 50 | J15: 48 | K15: 44 | L15: 93
... A27: Jun-2026 | B27: Customer Service | C27: Manager D | D27: 11 | E27: 600000 | F27: 615000 | G27: 285000 | H27: 290000 | I27: 56 | J27: 54 | K27: 50 | L27: 94

Sheet Management_KPIs
A1: KPI | B1: Value | C1: Meaning
A2: Total Target (Rupee) | B2: =SUM(Management_Data!E4:E27) | C2: Total planned target
A3: Total Actual (Rupee) | B3: =SUM(Management_Data!F4:F27) | C3: Total actual result
A4: Total Budget (Rupee) | B4: =SUM(Management_Data!G4:G27) | C4: Total allocated budget
A5: Total Actual Cost (Rupee) | B5: =SUM(Management_Data!H4:H27) | C5: Total cost incurred
A6: Target Achievement (%) | B6: =B3/B2*100 | C6: Actual / Target × 100
A7: Budget Utilisation (%) | B7: =B5/B4*100 | C7: Actual Cost / Budget × 100
A8: Task Completion (%) | B8: =SUM(Management_Data!J4:J27)/SUM(Management_Data!I4:I27)*100 | C8: Completed / Planned × 100
A9: Issue Resolution (%) | B9: =SUM(Management_Data!K4:K27)/SUM(Management_Data!I4:I27)*100 | C9: Issues resolved relative to planned tasks
A10: Average Customer Satisfaction (%) | B10: =AVERAGE(Management_Data!L4:L27) | C10: Average satisfaction score

Sheet Function_Summary
A1: Business_Function | B1: Team_Size_Avg | C1: Target_Rupee | D1: Actual_Rupee | E1: Budget_Rupee | F1: Actual_Cost_Rupee | G1: Tasks_Planned | H1: Tasks_Completed | I1: Customer_Satisfaction_%
A2: Customer Service | B2: 10.5 | C2: 3300000 | D2: 3340000 | E2: 1568000 | F2: 1577000 | G2: 306 | H2: 294 | I2: 92.833333
A3: Marketing | B3: 6.5 | C3: 4600000 | D3: 4755000 | E3: 1850000 | F3: 1893000 | G3: 261 | H3: 248 | I3: 90.666667
A4: Operations | B4: 14.833333 | C4: 6480000 | D4: 6515000 | E4: 3975000 | F4: 3996000 | G4: 429 | H4: 408 | I4: 88
A5: Sales | B5: 8.8333333 | C5: 7950000 | D5: 8035000 | E5: 2925000 | F5: 2933000 | G5: 354 | H5: 334 | I5: 89.666667

Sheet Management_Cycle
A1: Stage | B1: Management Activity | C1: Typical Question
A2: Plan | B2: Set goals, targets, budgets and priorities | C2: What needs to be achieved?
A3: Organise | B3: Allocate people, resources and responsibilities | C3: Who will do what?
A4: Lead | B4: Coordinate teams and communicate expectations | C4: How will the team work together?
A5: Monitor | B5: Track KPIs and progress | C5: Are results on track?
A6: Review | B6: Compare actual results with targets | C6: What changed from the plan?
A7: Improve | B7: Take corrective or improvement actions | C7: What should change next?

Sheet Analysis_Questions
A1: Question
A2: What is the overall target achievement percentage?
A3: Which business function has the highest actual value?
A4: Which function has the largest budget?
A5: Which function has the highest customer satisfaction?
A6: How does actual cost compare with budget?
A7: What does task completion tell a manager?
A8: Why should actual results be compared with targets?
A9: Which areas may need further investigation?
A10: What additional information would help explain performance differences?

Sheet Business_Insights
A1: Area | B1: Observation Framework | C1: Management Use
A2: Targets | B2: Compare Actual_Rupee with Target_Rupee. | C2: Identify whether planned results were achieved.
A3: Budget | B3: Compare Actual_Cost_Rupee with Budget_Rupee. | C3: Review resource utilisation.
A4: Tasks | B4: Compare Tasks_Completed with Tasks_Planned. | C4: Monitor execution progress.
A5: Customer | B5: Review Customer_Satisfaction_%. | C5: Track customer-facing performance.
A6: Team | B6: Review Team_Size with workload and results. | C6: Consider capacity and resource allocation.
A7: Improvement | B7: Investigate unusual gaps between target and actual. | C7: Support corrective action and planning.

Sheet Management_Dashboard
A1: Day 089 — Business Management Dashboard
J2: Business Function | K2: Actual Rupee
A3: Total Target (Rupee) | B3: =Management_KPIs!B2 | J3: Customer Service | K3: =SUMIF(Management_Data!B:B,J3,Management_Data!F:F)
A4: Total Actual (Rupee) | B4: =Management_KPIs!B3 | J4: Marketing | K4: =SUMIF(Management_Data!B:B,J4,Management_Data!F:F)
A5: Total Budget (Rupee) | B5: =Management_KPIs!B4 | J5: Operations | K5: =SUMIF(Management_Data!B:B,J5,Management_Data!F:F)
A6: Total Actual Cost (Rupee) | B6: =Management_KPIs!B5 | J6: Sales | K6: =SUMIF(Management_Data!B:B,J6,Management_Data!F:F)
A7: Target Achievement (%) | B7: =Management_KPIs!B6
A8: Budget Utilisation (%) | B8: =Management_KPIs!B7
A9: Task Completion (%) | B9: =Management_KPIs!B8
A10: Customer Satisfaction (%) | B10: =Management_KPIs!B10
