Workbook

Sheet Market_Data
A1: Company | B1: Market | C1: Loans | D1: Customers | E1: Revenue_Lakh
A2: Alpha Finance | B2: North | C2: 4200 | D2: 18000 | E2: 840
A3: Beta Finance | B3: North | C3: 3500 | D3: 15000 | E3: 700
A4: Gamma Finance | B4: North | C4: 2300 | D4: 10500 | E4: 460
A5: Delta Finance | B5: North | C5: 1700 | D5: 8000 | E5: 340
A6: Alpha Finance | B6: South | C6: 3900 | D6: 16500 | E6: 780
A7: Beta Finance | B7: South | C7: 3200 | D7: 14200 | E7: 640
A8: Gamma Finance | B8: South | C8: 2100 | D8: 9600 | E8: 420
A9: Delta Finance | B9: South | C9: 1600 | D9: 7300 | E9: 320
A10: Alpha Finance | B10: East | C10: 3100 | D10: 13800 | E10: 620
A11: Beta Finance | B11: East | C11: 2800 | D11: 12500 | E11: 560
A12: Gamma Finance | B12: East | C12: 1900 | D12: 8900 | E12: 380
A13: Delta Finance | B13: East | C13: 1300 | D13: 6100 | E13: 260
... A17: Delta Finance | B17: West | C17: 1500 | D17: 7000 | E17: 300

Sheet Company_Summary
A1: Company | B1: Total Loans | C1: Total Customers | D1: Total Revenue (Lakh)
A2: Alpha Finance | B2: =SUMIF(Market_Data!A:A,A2,Market_Data!C:C) | C2: =SUMIF(Market_Data!A:A,A2,Market_Data!D:D) | D2: =SUMIF(Market_Data!A:A,A2,Market_Data!E:E)
A3: Beta Finance | B3: =SUMIF(Market_Data!A:A,A3,Market_Data!C:C) | C3: =SUMIF(Market_Data!A:A,A3,Market_Data!D:D) | D3: =SUMIF(Market_Data!A:A,A3,Market_Data!E:E)
A4: Gamma Finance | B4: =SUMIF(Market_Data!A:A,A4,Market_Data!C:C) | C4: =SUMIF(Market_Data!A:A,A4,Market_Data!D:D) | D4: =SUMIF(Market_Data!A:A,A4,Market_Data!E:E)
A5: Delta Finance | B5: =SUMIF(Market_Data!A:A,A5,Market_Data!C:C) | C5: =SUMIF(Market_Data!A:A,A5,Market_Data!D:D) | D5: =SUMIF(Market_Data!A:A,A5,Market_Data!E:E)

Sheet Market_Share
A1: Company | B1: Total Loans | C1: Market Share %
A2: Alpha Finance | B2: =Company_Summary!B2 | C2: =B2/SUM($B$2:$B$5)
A3: Beta Finance | B3: =Company_Summary!B3 | C3: =B3/SUM($B$2:$B$5)
A4: Gamma Finance | B4: =Company_Summary!B4 | C4: =B4/SUM($B$2:$B$5)
A5: Delta Finance | B5: =Company_Summary!B5 | C5: =B5/SUM($B$2:$B$5)

Sheet Region_Summary
A1: Region | B1: Total Loans | C1: Total Customers | D1: Revenue (Lakh)
A2: North | B2: =SUMIF(Market_Data!B:B,A2,Market_Data!C:C) | C2: =SUMIF(Market_Data!B:B,A2,Market_Data!D:D) | D2: =SUMIF(Market_Data!B:B,A2,Market_Data!E:E)
A3: South | B3: =SUMIF(Market_Data!B:B,A3,Market_Data!C:C) | C3: =SUMIF(Market_Data!B:B,A3,Market_Data!D:D) | D3: =SUMIF(Market_Data!B:B,A3,Market_Data!E:E)
A4: East | B4: =SUMIF(Market_Data!B:B,A4,Market_Data!C:C) | C4: =SUMIF(Market_Data!B:B,A4,Market_Data!D:D) | D4: =SUMIF(Market_Data!B:B,A4,Market_Data!E:E)
A5: West | B5: =SUMIF(Market_Data!B:B,A5,Market_Data!C:C) | C5: =SUMIF(Market_Data!B:B,A5,Market_Data!D:D) | D5: =SUMIF(Market_Data!B:B,A5,Market_Data!E:E)

Sheet Instructions
A1: Day | B1: 016
A2: Lecture | B2: W4_L3
A3: Topic | B3: Understanding Market Share — Part 1
A4: Objective | B4: Understand how market share can be calculated and represented.
A5: Step 1 | B5: Review company-wise loan and customer data.
A6: Step 2 | B6: Calculate total loans for each company.
A7: Step 3 | B7: Calculate market share percentage.
A8: Step 4 | B8: Compare companies using the prepared charts.
A9: Step 5 | B9: Write at least three business insights.
A10: Formula | B10: Market Share = Company Measure / Total Market Measure
