Workbook

Sheet Loan_Data
A1: Company | B1: Region | C1: Loan_Type | D1: Loans | E1: Customers | F1: Avg_Loan_Size
A2: Alpha Finance | B2: North | C2: Personal | D2: 4200 | E2: 15500 | F2: 2.4
A3: Alpha Finance | B3: South | C3: Personal | D3: 3600 | E3: 13200 | F3: 2.5
A4: Alpha Finance | B4: East | C4: Home | D4: 2800 | E4: 8200 | F4: 18.5
A5: Alpha Finance | B5: West | C5: Home | D5: 2300 | E5: 7100 | F5: 19.2
A6: Beta Finance | B6: North | C6: Personal | D6: 3500 | E6: 14200 | F6: 2.2
A7: Beta Finance | B7: South | C7: Personal | D7: 3100 | E7: 12100 | F7: 2.3
A8: Beta Finance | B8: East | C8: Home | D8: 2200 | E8: 6900 | F8: 17.8
A9: Beta Finance | B9: West | C9: Home | D9: 1900 | E9: 6100 | F9: 18.1
A10: Gamma Finance | B10: North | C10: Personal | D10: 2500 | E10: 9800 | F10: 2
A11: Gamma Finance | B11: South | C11: Personal | D11: 2100 | E11: 8700 | F11: 2.1
A12: Gamma Finance | B12: East | C12: Home | D12: 1500 | E12: 4800 | F12: 16.9
A13: Gamma Finance | B13: West | C13: Home | D13: 1200 | E13: 4100 | F13: 17.2
... A17: Delta Finance | B17: West | C17: Home | D17: 900 | E17: 3000 | F17: 16.7

Sheet Pivot_Company
A1: Company | B1: Total Loans | C1: Market Share % | D1: Total Customers
A2: Alpha Finance | B2: =SUMIF(Loan_Data!$A$2:$A$17,A2,Loan_Data!$D$2:$D$17) | C2: =B2/SUM($B$2:$B$5) | D2: =SUMIF(Loan_Data!$A$2:$A$17,A2,Loan_Data!$E$2:$E$17)
A3: Beta Finance | B3: =SUMIF(Loan_Data!$A$2:$A$17,A3,Loan_Data!$D$2:$D$17) | C3: =B3/SUM($B$2:$B$5) | D3: =SUMIF(Loan_Data!$A$2:$A$17,A3,Loan_Data!$E$2:$E$17)
A4: Gamma Finance | B4: =SUMIF(Loan_Data!$A$2:$A$17,A4,Loan_Data!$D$2:$D$17) | C4: =B4/SUM($B$2:$B$5) | D4: =SUMIF(Loan_Data!$A$2:$A$17,A4,Loan_Data!$E$2:$E$17)
A5: Delta Finance | B5: =SUMIF(Loan_Data!$A$2:$A$17,A5,Loan_Data!$D$2:$D$17) | C5: =B5/SUM($B$2:$B$5) | D5: =SUMIF(Loan_Data!$A$2:$A$17,A5,Loan_Data!$E$2:$E$17)
A6: Grand Total | B6: =SUM(B2:B5) | C6: =SUM(C2:C5) | D6: =SUM(D2:D5)

Sheet Pivot_Region
A1: Region | B1: Total Loans | C1: Market Share % | D1: Total Customers
A2: North | B2: =SUMIF(Loan_Data!$B$2:$B$17,A2,Loan_Data!$D$2:$D$17) | C2: =B2/SUM($B$2:$B$5) | D2: =SUMIF(Loan_Data!$B$2:$B$17,A2,Loan_Data!$E$2:$E$17)
A3: South | B3: =SUMIF(Loan_Data!$B$2:$B$17,A3,Loan_Data!$D$2:$D$17) | C3: =B3/SUM($B$2:$B$5) | D3: =SUMIF(Loan_Data!$B$2:$B$17,A3,Loan_Data!$E$2:$E$17)
A4: East | B4: =SUMIF(Loan_Data!$B$2:$B$17,A4,Loan_Data!$D$2:$D$17) | C4: =B4/SUM($B$2:$B$5) | D4: =SUMIF(Loan_Data!$B$2:$B$17,A4,Loan_Data!$E$2:$E$17)
A5: West | B5: =SUMIF(Loan_Data!$B$2:$B$17,A5,Loan_Data!$D$2:$D$17) | C5: =B5/SUM($B$2:$B$5) | D5: =SUMIF(Loan_Data!$B$2:$B$17,A5,Loan_Data!$E$2:$E$17)

Sheet Pivot_Loan_Type
A1: Loan Type | B1: Total Loans | C1: Share % | D1: Total Customers
A2: Personal | B2: =SUMIF(Loan_Data!$C$2:$C$17,A2,Loan_Data!$D$2:$D$17) | C2: =B2/SUM($B$2:$B$3) | D2: =SUMIF(Loan_Data!$C$2:$C$17,A2,Loan_Data!$E$2:$E$17)
A3: Home | B3: =SUMIF(Loan_Data!$C$2:$C$17,A3,Loan_Data!$D$2:$D$17) | C3: =B3/SUM($B$2:$B$3) | D3: =SUMIF(Loan_Data!$C$2:$C$17,A3,Loan_Data!$E$2:$E$17)

Sheet Company_Region
A1: Company | B1: North | C1: South | D1: East | E1: West | F1: Total
A2: Alpha Finance | B2: =SUMIFS(Loan_Data!$D$2:$D$17,Loan_Data!$A$2:$A$17,$A2,Loan_Data!$B$2:$B$17,B$1) | C2: =SUMIFS(Loan_Data!$D$2:$D$17,Loan_Data!$A$2:$A$17,$A2,Loan_Data!$B$2:$B$17,C$1) | D2: =SUMIFS(Loan_Data!$D$2:$D$17,Loan_Data!$A$2:$A$17,$A2,Loan_Data!$B$2:$B$17,D$1) | E2: =SUMIFS(Loan_Data!$D$2:$D$17,Loan_Data!$A$2:$A$17,$A2,Loan_Data!$B$2:$B$17,E$1) | F2: =SUM(B2:E2)
A3: Beta Finance | B3: =SUMIFS(Loan_Data!$D$2:$D$17,Loan_Data!$A$2:$A$17,$A3,Loan_Data!$B$2:$B$17,B$1) | C3: =SUMIFS(Loan_Data!$D$2:$D$17,Loan_Data!$A$2:$A$17,$A3,Loan_Data!$B$2:$B$17,C$1) | D3: =SUMIFS(Loan_Data!$D$2:$D$17,Loan_Data!$A$2:$A$17,$A3,Loan_Data!$B$2:$B$17,D$1) | E3: =SUMIFS(Loan_Data!$D$2:$D$17,Loan_Data!$A$2:$A$17,$A3,Loan_Data!$B$2:$B$17,E$1) | F3: =SUM(B3:E3)
A4: Gamma Finance | B4: =SUMIFS(Loan_Data!$D$2:$D$17,Loan_Data!$A$2:$A$17,$A4,Loan_Data!$B$2:$B$17,B$1) | C4: =SUMIFS(Loan_Data!$D$2:$D$17,Loan_Data!$A$2:$A$17,$A4,Loan_Data!$B$2:$B$17,C$1) | D4: =SUMIFS(Loan_Data!$D$2:$D$17,Loan_Data!$A$2:$A$17,$A4,Loan_Data!$B$2:$B$17,D$1) | E4: =SUMIFS(Loan_Data!$D$2:$D$17,Loan_Data!$A$2:$A$17,$A4,Loan_Data!$B$2:$B$17,E$1) | F4: =SUM(B4:E4)
A5: Delta Finance | B5: =SUMIFS(Loan_Data!$D$2:$D$17,Loan_Data!$A$2:$A$17,$A5,Loan_Data!$B$2:$B$17,B$1) | C5: =SUMIFS(Loan_Data!$D$2:$D$17,Loan_Data!$A$2:$A$17,$A5,Loan_Data!$B$2:$B$17,C$1) | D5: =SUMIFS(Loan_Data!$D$2:$D$17,Loan_Data!$A$2:$A$17,$A5,Loan_Data!$B$2:$B$17,D$1) | E5: =SUMIFS(Loan_Data!$D$2:$D$17,Loan_Data!$A$2:$A$17,$A5,Loan_Data!$B$2:$B$17,E$1) | F5: =SUM(B5:E5)

Sheet Instructions
A1: DAY 017 — W4_L4
A2: Topic: Understanding Market Share — Part 2 | Loan Data & Pivot Tables
A4: Learning objectives:
A5: • Summarize loan data by company.
A6: • Summarize loan data by region.
A7: • Compare personal and home loan categories.
A8: • Calculate market share from loan totals.
A9: • Understand how pivot-style summaries support business decisions.
A11: Practice workflow:
A12: 1. Select Loan_Data.
A13: 2. Create a PivotTable with Company in Rows and Loans in Values.
A14: 3. Create another PivotTable with Region in Rows and Loans in Values.
... A19: 8. Build charts from the summary tables.
