Workbook

Sheet Aspirational_Data
A1: District | B1: State | C1: Region | D1: Aspirational_Score | E1: Health_Score | F1: Education_Score | G1: Agriculture_Score | H1: Financial_Inclusion_Score | I1: Population_Lakh
A2: Purnia | B2: Bihar | C2: East | D2: 68 | E2: 64 | F2: 70 | G2: 72 | H2: 66 | I2: 33
A3: Gaya | B3: Bihar | C3: East | D3: 71 | E3: 69 | F3: 73 | G3: 68 | H3: 74 | I3: 44
A4: Nandurbar | B4: Maharashtra | C4: West | D4: 74 | E4: 72 | F4: 76 | G4: 70 | H4: 78 | I4: 31
A5: Dahod | B5: Gujarat | C5: West | D5: 76 | E5: 75 | F5: 78 | G5: 73 | H5: 79 | I5: 25
A6: Kiphire | B6: Nagaland | C6: North-East | D6: 62 | E6: 60 | F6: 65 | G6: 58 | H6: 64 | I6: 0.7
A7: Ranchi | B7: Jharkhand | C7: East | D7: 79 | E7: 77 | F7: 81 | G7: 76 | H7: 82 | I7: 29
A8: Mewat | B8: Haryana | C8: North | D8: 73 | E8: 71 | F8: 74 | G8: 69 | H8: 77 | I8: 11
A9: Koraput | B9: Odisha | C9: East | D9: 69 | E9: 67 | F9: 72 | G9: 70 | H9: 65 | I9: 14
A10: Dantewada | B10: Chhattisgarh | C10: Central | D10: 65 | E10: 63 | F10: 68 | G10: 66 | H10: 62 | I10: 5
A11: Baran | B11: Rajasthan | C11: North | D11: 72 | E11: 70 | F11: 75 | G11: 67 | H11: 76 | I11: 12
A12: Washim | B12: Maharashtra | C12: West | D12: 78 | E12: 76 | F12: 80 | G12: 74 | H12: 81 | I12: 12
A13: Aspirational X | B13: Madhya Pradesh | C13: Central | D13: 67 | E13: 65 | F13: 69 | G13: 71 | H13: 63 | I13: 10

Sheet Region_Summary
A1: Region | B1: Average Aspirational Score | C1: Average Health | D1: Average Education | E1: Average Agriculture | F1: Average Financial Inclusion
A2: East | B2: =AVERAGEIF(Aspirational_Data!$C$2:$C$13,A2,Aspirational_Data!$D$2:$D$13) | C2: =AVERAGEIF(Aspirational_Data!$C$2:$C$13,A2,Aspirational_Data!$E$2:$E$13) | D2: =AVERAGEIF(Aspirational_Data!$C$2:$C$13,A2,Aspirational_Data!$F$2:$F$13) | E2: =AVERAGEIF(Aspirational_Data!$C$2:$C$13,A2,Aspirational_Data!$G$2:$G$13) | F2: =AVERAGEIF(Aspirational_Data!$C$2:$C$13,A2,Aspirational_Data!$H$2:$H$13)
A3: West | B3: =AVERAGEIF(Aspirational_Data!$C$2:$C$13,A3,Aspirational_Data!$D$2:$D$13) | C3: =AVERAGEIF(Aspirational_Data!$C$2:$C$13,A3,Aspirational_Data!$E$2:$E$13) | D3: =AVERAGEIF(Aspirational_Data!$C$2:$C$13,A3,Aspirational_Data!$F$2:$F$13) | E3: =AVERAGEIF(Aspirational_Data!$C$2:$C$13,A3,Aspirational_Data!$G$2:$G$13) | F3: =AVERAGEIF(Aspirational_Data!$C$2:$C$13,A3,Aspirational_Data!$H$2:$H$13)
A4: North-East | B4: =AVERAGEIF(Aspirational_Data!$C$2:$C$13,A4,Aspirational_Data!$D$2:$D$13) | C4: =AVERAGEIF(Aspirational_Data!$C$2:$C$13,A4,Aspirational_Data!$E$2:$E$13) | D4: =AVERAGEIF(Aspirational_Data!$C$2:$C$13,A4,Aspirational_Data!$F$2:$F$13) | E4: =AVERAGEIF(Aspirational_Data!$C$2:$C$13,A4,Aspirational_Data!$G$2:$G$13) | F4: =AVERAGEIF(Aspirational_Data!$C$2:$C$13,A4,Aspirational_Data!$H$2:$H$13)
A5: North | B5: =AVERAGEIF(Aspirational_Data!$C$2:$C$13,A5,Aspirational_Data!$D$2:$D$13) | C5: =AVERAGEIF(Aspirational_Data!$C$2:$C$13,A5,Aspirational_Data!$E$2:$E$13) | D5: =AVERAGEIF(Aspirational_Data!$C$2:$C$13,A5,Aspirational_Data!$F$2:$F$13) | E5: =AVERAGEIF(Aspirational_Data!$C$2:$C$13,A5,Aspirational_Data!$G$2:$G$13) | F5: =AVERAGEIF(Aspirational_Data!$C$2:$C$13,A5,Aspirational_Data!$H$2:$H$13)
A6: Central | B6: =AVERAGEIF(Aspirational_Data!$C$2:$C$13,A6,Aspirational_Data!$D$2:$D$13) | C6: =AVERAGEIF(Aspirational_Data!$C$2:$C$13,A6,Aspirational_Data!$E$2:$E$13) | D6: =AVERAGEIF(Aspirational_Data!$C$2:$C$13,A6,Aspirational_Data!$F$2:$F$13) | E6: =AVERAGEIF(Aspirational_Data!$C$2:$C$13,A6,Aspirational_Data!$G$2:$G$13) | F6: =AVERAGEIF(Aspirational_Data!$C$2:$C$13,A6,Aspirational_Data!$H$2:$H$13)

Sheet District_Ranking
A1: District | B1: State | C1: Aspirational Score | D1: Rank
A2: =Aspirational_Data!A2 | B2: =Aspirational_Data!B2 | C2: =Aspirational_Data!D2 | D2: =RANK(C2,$C$2:$C$13,0)
A3: =Aspirational_Data!A3 | B3: =Aspirational_Data!B3 | C3: =Aspirational_Data!D3 | D3: =RANK(C3,$C$2:$C$13,0)
A4: =Aspirational_Data!A4 | B4: =Aspirational_Data!B4 | C4: =Aspirational_Data!D4 | D4: =RANK(C4,$C$2:$C$13,0)
A5: =Aspirational_Data!A5 | B5: =Aspirational_Data!B5 | C5: =Aspirational_Data!D5 | D5: =RANK(C5,$C$2:$C$13,0)
A6: =Aspirational_Data!A6 | B6: =Aspirational_Data!B6 | C6: =Aspirational_Data!D6 | D6: =RANK(C6,$C$2:$C$13,0)
A7: =Aspirational_Data!A7 | B7: =Aspirational_Data!B7 | C7: =Aspirational_Data!D7 | D7: =RANK(C7,$C$2:$C$13,0)
A8: =Aspirational_Data!A8 | B8: =Aspirational_Data!B8 | C8: =Aspirational_Data!D8 | D8: =RANK(C8,$C$2:$C$13,0)
A9: =Aspirational_Data!A9 | B9: =Aspirational_Data!B9 | C9: =Aspirational_Data!D9 | D9: =RANK(C9,$C$2:$C$13,0)
A10: =Aspirational_Data!A10 | B10: =Aspirational_Data!B10 | C10: =Aspirational_Data!D10 | D10: =RANK(C10,$C$2:$C$13,0)
A11: =Aspirational_Data!A11 | B11: =Aspirational_Data!B11 | C11: =Aspirational_Data!D11 | D11: =RANK(C11,$C$2:$C$13,0)
A12: =Aspirational_Data!A12 | B12: =Aspirational_Data!B12 | C12: =Aspirational_Data!D12 | D12: =RANK(C12,$C$2:$C$13,0)
A13: =Aspirational_Data!A13 | B13: =Aspirational_Data!B13 | C13: =Aspirational_Data!D13 | D13: =RANK(C13,$C$2:$C$13,0)

Sheet Indicator_Comparison
A1: District | B1: Aspirational Score | C1: Health | D1: Education | E1: Agriculture | F1: Financial Inclusion
A2: =Aspirational_Data!A2 | B2: =Aspirational_Data!C2 | C2: =Aspirational_Data!D2 | D2: =Aspirational_Data!E2 | E2: =Aspirational_Data!F2 | F2: =Aspirational_Data!H2
A3: =Aspirational_Data!A3 | B3: =Aspirational_Data!C3 | C3: =Aspirational_Data!D3 | D3: =Aspirational_Data!E3 | E3: =Aspirational_Data!F3 | F3: =Aspirational_Data!H3
A4: =Aspirational_Data!A4 | B4: =Aspirational_Data!C4 | C4: =Aspirational_Data!D4 | D4: =Aspirational_Data!E4 | E4: =Aspirational_Data!F4 | F4: =Aspirational_Data!H4
A5: =Aspirational_Data!A5 | B5: =Aspirational_Data!C5 | C5: =Aspirational_Data!D5 | D5: =Aspirational_Data!E5 | E5: =Aspirational_Data!F5 | F5: =Aspirational_Data!H5
A6: =Aspirational_Data!A6 | B6: =Aspirational_Data!C6 | C6: =Aspirational_Data!D6 | D6: =Aspirational_Data!E6 | E6: =Aspirational_Data!F6 | F6: =Aspirational_Data!H6
A7: =Aspirational_Data!A7 | B7: =Aspirational_Data!C7 | C7: =Aspirational_Data!D7 | D7: =Aspirational_Data!E7 | E7: =Aspirational_Data!F7 | F7: =Aspirational_Data!H7
A8: =Aspirational_Data!A8 | B8: =Aspirational_Data!C8 | C8: =Aspirational_Data!D8 | D8: =Aspirational_Data!E8 | E8: =Aspirational_Data!F8 | F8: =Aspirational_Data!H8
A9: =Aspirational_Data!A9 | B9: =Aspirational_Data!C9 | C9: =Aspirational_Data!D9 | D9: =Aspirational_Data!E9 | E9: =Aspirational_Data!F9 | F9: =Aspirational_Data!H9
A10: =Aspirational_Data!A10 | B10: =Aspirational_Data!C10 | C10: =Aspirational_Data!D10 | D10: =Aspirational_Data!E10 | E10: =Aspirational_Data!F10 | F10: =Aspirational_Data!H10
A11: =Aspirational_Data!A11 | B11: =Aspirational_Data!C11 | C11: =Aspirational_Data!D11 | D11: =Aspirational_Data!E11 | E11: =Aspirational_Data!F11 | F11: =Aspirational_Data!H11
A12: =Aspirational_Data!A12 | B12: =Aspirational_Data!C12 | C12: =Aspirational_Data!D12 | D12: =Aspirational_Data!E12 | E12: =Aspirational_Data!F12 | F12: =Aspirational_Data!H12
A13: =Aspirational_Data!A13 | B13: =Aspirational_Data!C13 | C13: =Aspirational_Data!D13 | D13: =Aspirational_Data!E13 | E13: =Aspirational_Data!F13 | F13: =Aspirational_Data!H13

Sheet Insights
A1: DAY 020 — W4_L7
A2: Topic: Analysis of Aspirational Data
A4: Use Aspirational_Data as the raw dataset.
A5: Compare districts using the overall aspirational score.
A6: Compare thematic indicators such as health and education.
A7: Use Region_Summary to compare regional averages.
A8: Use District_Ranking to understand relative performance.
A9: Use Indicator_Comparison to compare multiple dimensions.
A10: Validate calculated averages before interpreting them.
A11: Remember that this workbook is a learning dataset and not an official government ranking.
