Workbook

Sheet Instructions
A1: Day 086 — Credit Risk Analysis: Monthly Trends
A2: Author | B2: Saloni Tiwari
A3: Programme | B3: IIT Madras BS Degree — Diploma Level
A4: Day | B4: 86
A5: Topic | B5: Credit Risk Analysis — Monthly Trends
A7: Purpose | B7: Review how credit-risk indicators change across monthly periods.
A8: Important | B8: This workbook uses synthetic educational monthly data and is not an official financial dataset.
A9: Workflow | B9: Understand → Prepare → Aggregate → Compare → Visualise → Interpret → Document

Sheet Monthly_Trend_Data
A1: Month | B1: Customers | C1: Loan_Exposure_Rupee | D1: Defaults | E1: Average_Credit_Score | F1: Average_DTI_% | G1: High_Risk_Customers
A2: 2026-01 | B2: 42 | C2: 5250000 | D2: 3 | E2: 718 | F2: 31.5 | G2: 7
A3: 2026-02 | B3: 45 | C3: 5720000 | D3: 3 | E3: 721 | F3: 30.8 | G3: 7
A4: 2026-03 | B4: 47 | C4: 6100000 | D4: 4 | E4: 716 | F4: 32.1 | G4: 8
A5: 2026-04 | B5: 44 | C5: 5840000 | D5: 2 | E5: 724 | F5: 29.7 | G5: 6
A6: 2026-05 | B6: 50 | C6: 6750000 | D6: 4 | E6: 719 | F6: 31.2 | G6: 8
A7: 2026-06 | B7: 53 | C7: 7210000 | D7: 5 | E7: 714 | F7: 33 | G7: 10
A8: 2026-07 | B8: 55 | C8: 7680000 | D8: 5 | E8: 711 | F8: 34.1 | G8: 11
A9: 2026-08 | B9: 52 | C9: 7350000 | D9: 4 | E9: 715 | F9: 32.8 | G9: 9
A10: 2026-09 | B10: 58 | C10: 8120000 | D10: 6 | E10: 709 | F10: 35 | G10: 12
A11: 2026-10 | B11: 61 | C11: 8560000 | D11: 6 | E11: 707 | F11: 35.7 | G11: 13
A12: 2026-11 | B12: 59 | C12: 8210000 | D12: 5 | E12: 712 | F12: 34 | G12: 11
A13: 2026-12 | B13: 64 | C13: 9050000 | D13: 7 | E13: 704 | F13: 36.2 | G13: 14

Sheet Monthly_KPIs
A1: Month | B1: Customers | C1: Loan Exposure (Rupee) | D1: Defaults | E1: Default Rate (%) | F1: Average Credit Score | G1: Average DTI (%) | H1: High-Risk Customers | I1: High-Risk Share (%)
A2: ='Monthly_Trend_Data'!A2 | B2: ='Monthly_Trend_Data'!B2 | C2: ='Monthly_Trend_Data'!C2 | D2: ='Monthly_Trend_Data'!D2 | E2: =D2/B2*100 | F2: ='Monthly_Trend_Data'!E2 | G2: ='Monthly_Trend_Data'!F2 | H2: ='Monthly_Trend_Data'!G2 | I2: =H2/B2*100
A3: ='Monthly_Trend_Data'!A3 | B3: ='Monthly_Trend_Data'!B3 | C3: ='Monthly_Trend_Data'!C3 | D3: ='Monthly_Trend_Data'!D3 | E3: =D3/B3*100 | F3: ='Monthly_Trend_Data'!E3 | G3: ='Monthly_Trend_Data'!F3 | H3: ='Monthly_Trend_Data'!G3 | I3: =H3/B3*100
A4: ='Monthly_Trend_Data'!A4 | B4: ='Monthly_Trend_Data'!B4 | C4: ='Monthly_Trend_Data'!C4 | D4: ='Monthly_Trend_Data'!D4 | E4: =D4/B4*100 | F4: ='Monthly_Trend_Data'!E4 | G4: ='Monthly_Trend_Data'!F4 | H4: ='Monthly_Trend_Data'!G4 | I4: =H4/B4*100
A5: ='Monthly_Trend_Data'!A5 | B5: ='Monthly_Trend_Data'!B5 | C5: ='Monthly_Trend_Data'!C5 | D5: ='Monthly_Trend_Data'!D5 | E5: =D5/B5*100 | F5: ='Monthly_Trend_Data'!E5 | G5: ='Monthly_Trend_Data'!F5 | H5: ='Monthly_Trend_Data'!G5 | I5: =H5/B5*100
A6: ='Monthly_Trend_Data'!A6 | B6: ='Monthly_Trend_Data'!B6 | C6: ='Monthly_Trend_Data'!C6 | D6: ='Monthly_Trend_Data'!D6 | E6: =D6/B6*100 | F6: ='Monthly_Trend_Data'!E6 | G6: ='Monthly_Trend_Data'!F6 | H6: ='Monthly_Trend_Data'!G6 | I6: =H6/B6*100
A7: ='Monthly_Trend_Data'!A7 | B7: ='Monthly_Trend_Data'!B7 | C7: ='Monthly_Trend_Data'!C7 | D7: ='Monthly_Trend_Data'!D7 | E7: =D7/B7*100 | F7: ='Monthly_Trend_Data'!E7 | G7: ='Monthly_Trend_Data'!F7 | H7: ='Monthly_Trend_Data'!G7 | I7: =H7/B7*100
A8: ='Monthly_Trend_Data'!A8 | B8: ='Monthly_Trend_Data'!B8 | C8: ='Monthly_Trend_Data'!C8 | D8: ='Monthly_Trend_Data'!D8 | E8: =D8/B8*100 | F8: ='Monthly_Trend_Data'!E8 | G8: ='Monthly_Trend_Data'!F8 | H8: ='Monthly_Trend_Data'!G8 | I8: =H8/B8*100
A9: ='Monthly_Trend_Data'!A9 | B9: ='Monthly_Trend_Data'!B9 | C9: ='Monthly_Trend_Data'!C9 | D9: ='Monthly_Trend_Data'!D9 | E9: =D9/B9*100 | F9: ='Monthly_Trend_Data'!E9 | G9: ='Monthly_Trend_Data'!F9 | H9: ='Monthly_Trend_Data'!G9 | I9: =H9/B9*100
A10: ='Monthly_Trend_Data'!A10 | B10: ='Monthly_Trend_Data'!B10 | C10: ='Monthly_Trend_Data'!C10 | D10: ='Monthly_Trend_Data'!D10 | E10: =D10/B10*100 | F10: ='Monthly_Trend_Data'!E10 | G10: ='Monthly_Trend_Data'!F10 | H10: ='Monthly_Trend_Data'!G10 | I10: =H10/B10*100
A11: ='Monthly_Trend_Data'!A11 | B11: ='Monthly_Trend_Data'!B11 | C11: ='Monthly_Trend_Data'!C11 | D11: ='Monthly_Trend_Data'!D11 | E11: =D11/B11*100 | F11: ='Monthly_Trend_Data'!E11 | G11: ='Monthly_Trend_Data'!F11 | H11: ='Monthly_Trend_Data'!G11 | I11: =H11/B11*100
A12: ='Monthly_Trend_Data'!A12 | B12: ='Monthly_Trend_Data'!B12 | C12: ='Monthly_Trend_Data'!C12 | D12: ='Monthly_Trend_Data'!D12 | E12: =D12/B12*100 | F12: ='Monthly_Trend_Data'!E12 | G12: ='Monthly_Trend_Data'!F12 | H12: ='Monthly_Trend_Data'!G12 | I12: =H12/B12*100
A13: ='Monthly_Trend_Data'!A13 | B13: ='Monthly_Trend_Data'!B13 | C13: ='Monthly_Trend_Data'!C13 | D13: ='Monthly_Trend_Data'!D13 | E13: =D13/B13*100 | F13: ='Monthly_Trend_Data'!E13 | G13: ='Monthly_Trend_Data'!F13 | H13: ='Monthly_Trend_Data'!G13 | I13: =H13/B13*100

Sheet Monthly_Risk_Summary
A1: Month | B1: Customers | C1: Exposure (Rupee) | D1: Defaults | E1: Default Rate (%) | F1: High-Risk Customers | G1: High-Risk Share (%) | H1: Average Credit Score | I1: Average DTI (%)
A2: ='Monthly_KPIs'!A2 | B2: ='Monthly_KPIs'!B2 | C2: ='Monthly_KPIs'!C2 | D2: ='Monthly_KPIs'!D2 | E2: ='Monthly_KPIs'!E2 | F2: ='Monthly_KPIs'!H2 | G2: ='Monthly_KPIs'!I2 | H2: ='Monthly_KPIs'!F2 | I2: ='Monthly_KPIs'!G2
A3: ='Monthly_KPIs'!A3 | B3: ='Monthly_KPIs'!B3 | C3: ='Monthly_KPIs'!C3 | D3: ='Monthly_KPIs'!D3 | E3: ='Monthly_KPIs'!E3 | F3: ='Monthly_KPIs'!H3 | G3: ='Monthly_KPIs'!I3 | H3: ='Monthly_KPIs'!F3 | I3: ='Monthly_KPIs'!G3
A4: ='Monthly_KPIs'!A4 | B4: ='Monthly_KPIs'!B4 | C4: ='Monthly_KPIs'!C4 | D4: ='Monthly_KPIs'!D4 | E4: ='Monthly_KPIs'!E4 | F4: ='Monthly_KPIs'!H4 | G4: ='Monthly_KPIs'!I4 | H4: ='Monthly_KPIs'!F4 | I4: ='Monthly_KPIs'!G4
A5: ='Monthly_KPIs'!A5 | B5: ='Monthly_KPIs'!B5 | C5: ='Monthly_KPIs'!C5 | D5: ='Monthly_KPIs'!D5 | E5: ='Monthly_KPIs'!E5 | F5: ='Monthly_KPIs'!H5 | G5: ='Monthly_KPIs'!I5 | H5: ='Monthly_KPIs'!F5 | I5: ='Monthly_KPIs'!G5
A6: ='Monthly_KPIs'!A6 | B6: ='Monthly_KPIs'!B6 | C6: ='Monthly_KPIs'!C6 | D6: ='Monthly_KPIs'!D6 | E6: ='Monthly_KPIs'!E6 | F6: ='Monthly_KPIs'!H6 | G6: ='Monthly_KPIs'!I6 | H6: ='Monthly_KPIs'!F6 | I6: ='Monthly_KPIs'!G6
A7: ='Monthly_KPIs'!A7 | B7: ='Monthly_KPIs'!B7 | C7: ='Monthly_KPIs'!C7 | D7: ='Monthly_KPIs'!D7 | E7: ='Monthly_KPIs'!E7 | F7: ='Monthly_KPIs'!H7 | G7: ='Monthly_KPIs'!I7 | H7: ='Monthly_KPIs'!F7 | I7: ='Monthly_KPIs'!G7
A8: ='Monthly_KPIs'!A8 | B8: ='Monthly_KPIs'!B8 | C8: ='Monthly_KPIs'!C8 | D8: ='Monthly_KPIs'!D8 | E8: ='Monthly_KPIs'!E8 | F8: ='Monthly_KPIs'!H8 | G8: ='Monthly_KPIs'!I8 | H8: ='Monthly_KPIs'!F8 | I8: ='Monthly_KPIs'!G8
A9: ='Monthly_KPIs'!A9 | B9: ='Monthly_KPIs'!B9 | C9: ='Monthly_KPIs'!C9 | D9: ='Monthly_KPIs'!D9 | E9: ='Monthly_KPIs'!E9 | F9: ='Monthly_KPIs'!H9 | G9: ='Monthly_KPIs'!I9 | H9: ='Monthly_KPIs'!F9 | I9: ='Monthly_KPIs'!G9
A10: ='Monthly_KPIs'!A10 | B10: ='Monthly_KPIs'!B10 | C10: ='Monthly_KPIs'!C10 | D10: ='Monthly_KPIs'!D10 | E10: ='Monthly_KPIs'!E10 | F10: ='Monthly_KPIs'!H10 | G10: ='Monthly_KPIs'!I10 | H10: ='Monthly_KPIs'!F10 | I10: ='Monthly_KPIs'!G10
A11: ='Monthly_KPIs'!A11 | B11: ='Monthly_KPIs'!B11 | C11: ='Monthly_KPIs'!C11 | D11: ='Monthly_KPIs'!D11 | E11: ='Monthly_KPIs'!E11 | F11: ='Monthly_KPIs'!H11 | G11: ='Monthly_KPIs'!I11 | H11: ='Monthly_KPIs'!F11 | I11: ='Monthly_KPIs'!G11
A12: ='Monthly_KPIs'!A12 | B12: ='Monthly_KPIs'!B12 | C12: ='Monthly_KPIs'!C12 | D12: ='Monthly_KPIs'!D12 | E12: ='Monthly_KPIs'!E12 | F12: ='Monthly_KPIs'!H12 | G12: ='Monthly_KPIs'!I12 | H12: ='Monthly_KPIs'!F12 | I12: ='Monthly_KPIs'!G12
A13: ='Monthly_KPIs'!A13 | B13: ='Monthly_KPIs'!B13 | C13: ='Monthly_KPIs'!C13 | D13: ='Monthly_KPIs'!D13 | E13: ='Monthly_KPIs'!E13 | F13: ='Monthly_KPIs'!H13 | G13: ='Monthly_KPIs'!I13 | H13: ='Monthly_KPIs'!F13 | I13: ='Monthly_KPIs'!G13

Sheet Monthly_Product_Trends
A1: Month | B1: Loan Product | C1: Customers | D1: Loan Exposure (Rupee) | E1: Defaults | F1: Default Rate (%)
A2: 2026-01 | B2: Personal Loan | C2: 21 | D2: 2205000 | E2: 2 | F2: =E2/C2*100
A3: 2026-01 | B3: Business Loan | C3: 13 | D3: 1732500 | E3: 1 | F3: =E3/C3*100
A4: 2026-01 | B4: Home Loan | C4: 8 | D4: 1312500 | E4: 0 | F4: =E4/C4*100
A5: 2026-02 | B5: Personal Loan | C5: 22 | D5: 2402400 | E5: 2 | F5: =E5/C5*100
A6: 2026-02 | B6: Business Loan | C6: 14 | D6: 1887600 | E6: 1 | F6: =E6/C6*100
A7: 2026-02 | B7: Home Loan | C7: 9 | D7: 1430000 | E7: 0 | F7: =E7/C7*100
A8: 2026-03 | B8: Personal Loan | C8: 24 | D8: 2562000 | E8: 2 | F8: =E8/C8*100
A9: 2026-03 | B9: Business Loan | C9: 14 | D9: 2013000 | E9: 1 | F9: =E9/C9*100
A10: 2026-03 | B10: Home Loan | C10: 9 | D10: 1525000 | E10: 1 | F10: =E10/C10*100
A11: 2026-04 | B11: Personal Loan | C11: 22 | D11: 2452800 | E11: 1 | F11: =E11/C11*100
A12: 2026-04 | B12: Business Loan | C12: 13 | D12: 1927200 | E12: 0 | F12: =E12/C12*100
A13: 2026-04 | B13: Home Loan | C13: 9 | D13: 1460000 | E13: 1 | F13: =E13/C13*100
... A37: 2026-12 | B37: Home Loan | C37: 13 | D37: 2262500 | E37: 1 | F37: =E37/C37*100

Sheet Monthly_Outcome_Review
A1: Month | B1: Default | C1: Non-Default | D1: High Risk | E1: Not High Risk | F1: Total Records
A2: ='Monthly_KPIs'!A2 | B2: ='Monthly_KPIs'!D2 | C2: ='Monthly_KPIs'!B2-'Monthly_KPIs'!D2 | D2: ='Monthly_KPIs'!H2 | E2: ='Monthly_KPIs'!B2-'Monthly_KPIs'!H2 | F2: ='Monthly_KPIs'!B2
A3: ='Monthly_KPIs'!A3 | B3: ='Monthly_KPIs'!D3 | C3: ='Monthly_KPIs'!B3-'Monthly_KPIs'!D3 | D3: ='Monthly_KPIs'!H3 | E3: ='Monthly_KPIs'!B3-'Monthly_KPIs'!H3 | F3: ='Monthly_KPIs'!B3
A4: ='Monthly_KPIs'!A4 | B4: ='Monthly_KPIs'!D4 | C4: ='Monthly_KPIs'!B4-'Monthly_KPIs'!D4 | D4: ='Monthly_KPIs'!H4 | E4: ='Monthly_KPIs'!B4-'Monthly_KPIs'!H4 | F4: ='Monthly_KPIs'!B4
A5: ='Monthly_KPIs'!A5 | B5: ='Monthly_KPIs'!D5 | C5: ='Monthly_KPIs'!B5-'Monthly_KPIs'!D5 | D5: ='Monthly_KPIs'!H5 | E5: ='Monthly_KPIs'!B5-'Monthly_KPIs'!H5 | F5: ='Monthly_KPIs'!B5
A6: ='Monthly_KPIs'!A6 | B6: ='Monthly_KPIs'!D6 | C6: ='Monthly_KPIs'!B6-'Monthly_KPIs'!D6 | D6: ='Monthly_KPIs'!H6 | E6: ='Monthly_KPIs'!B6-'Monthly_KPIs'!H6 | F6: ='Monthly_KPIs'!B6
A7: ='Monthly_KPIs'!A7 | B7: ='Monthly_KPIs'!D7 | C7: ='Monthly_KPIs'!B7-'Monthly_KPIs'!D7 | D7: ='Monthly_KPIs'!H7 | E7: ='Monthly_KPIs'!B7-'Monthly_KPIs'!H7 | F7: ='Monthly_KPIs'!B7
A8: ='Monthly_KPIs'!A8 | B8: ='Monthly_KPIs'!D8 | C8: ='Monthly_KPIs'!B8-'Monthly_KPIs'!D8 | D8: ='Monthly_KPIs'!H8 | E8: ='Monthly_KPIs'!B8-'Monthly_KPIs'!H8 | F8: ='Monthly_KPIs'!B8
A9: ='Monthly_KPIs'!A9 | B9: ='Monthly_KPIs'!D9 | C9: ='Monthly_KPIs'!B9-'Monthly_KPIs'!D9 | D9: ='Monthly_KPIs'!H9 | E9: ='Monthly_KPIs'!B9-'Monthly_KPIs'!H9 | F9: ='Monthly_KPIs'!B9
A10: ='Monthly_KPIs'!A10 | B10: ='Monthly_KPIs'!D10 | C10: ='Monthly_KPIs'!B10-'Monthly_KPIs'!D10 | D10: ='Monthly_KPIs'!H10 | E10: ='Monthly_KPIs'!B10-'Monthly_KPIs'!H10 | F10: ='Monthly_KPIs'!B10
A11: ='Monthly_KPIs'!A11 | B11: ='Monthly_KPIs'!D11 | C11: ='Monthly_KPIs'!B11-'Monthly_KPIs'!D11 | D11: ='Monthly_KPIs'!H11 | E11: ='Monthly_KPIs'!B11-'Monthly_KPIs'!H11 | F11: ='Monthly_KPIs'!B11
A12: ='Monthly_KPIs'!A12 | B12: ='Monthly_KPIs'!D12 | C12: ='Monthly_KPIs'!B12-'Monthly_KPIs'!D12 | D12: ='Monthly_KPIs'!H12 | E12: ='Monthly_KPIs'!B12-'Monthly_KPIs'!H12 | F12: ='Monthly_KPIs'!B12
A13: ='Monthly_KPIs'!A13 | B13: ='Monthly_KPIs'!D13 | C13: ='Monthly_KPIs'!B13-'Monthly_KPIs'!D13 | D13: ='Monthly_KPIs'!H13 | E13: ='Monthly_KPIs'!B13-'Monthly_KPIs'!H13 | F13: ='Monthly_KPIs'!B13

Sheet Dataset_Context
A1: Field | B1: Meaning
A2: Dataset Type | B2: Synthetic educational monthly trend data
A3: Unit of Analysis | B3: One monthly summary record
A4: Purpose | B4: Practice monthly credit-risk trend analysis
A5: Month | B5: Monthly period
A6: Customers | B6: Customer-loan records represented in the month
A7: Loan_Exposure_Rupee | B7: Total loan exposure represented in the month
A8: Defaults | B8: Number of default records
A9: Average_Credit_Score | B9: Average observed credit score
A10: Average_DTI_% | B10: Average debt-to-income percentage
A11: High_Risk_Customers | B11: Number of records marked high risk

Sheet Trend_Questions
A1: No. | B1: Question
A2: 1 | B2: What is the earliest month?
A3: 2 | B3: What is the latest month?
A4: 3 | B4: Which month has the highest customer volume?
A5: 4 | B5: Which month has the highest loan exposure?
A6: 5 | B6: Which month has the highest default count?
A7: 6 | B7: Which month has the highest default rate?
A8: 7 | B8: How does average credit score change across the period?
A9: 8 | B9: How does average DTI change across the period?
A10: 9 | B10: How does high-risk share change across the period?
A11: 10 | B11: Why should default count and default rate be reviewed together?
A12: 11 | B12: Why is loan exposure different from customer count?
A13: 12 | B13: What additional business context would help explain a trend?
... A15: 14 | B15: Why is this workbook not suitable for real lending decisions?

Sheet Credit_Risk_Monthly_Dashboard
A1: Day 086 — Credit Risk Monthly Trends Dashboard
A2: Synthetic educational data — descriptive trend analysis only

Sheet Risk_Framework
A1: Metric | B1: Business Question | C1: Interpretation Reminder
A2: Customers | B2: How much monthly volume is represented? | C2: Volume does not directly measure risk.
A3: Loan Exposure | B3: How much credit is represented? | C3: Exposure is different from customer count.
A4: Defaults | B4: How many records are marked default? | C4: Review with denominator.
A5: Default Rate | B5: What share of records are defaults? | C5: Rate requires a denominator.
A6: Average Credit Score | B6: What is the average score? | C6: Average does not show full distribution.
A7: Average DTI | B7: What is the average debt burden? | C7: DTI is one risk-related variable.
A8: High-Risk Share | B8: What share is marked high risk? | C8: High-risk flag is an indicator, not an explanation.
