Workbook

Sheet Raw_Material_Data
A1: Illustrative Raw Material Inventory Dataset
A3: Record_ID | B3: Month | C3: Raw_Material | D3: Region | E3: Opening_Inventory | F3: Purchases | G3: Material_Usage | H3: Closing_Inventory | I3: Unit_Cost | J3: Inventory_Value | K3: Lead_Time_Days | L3: Safety_Stock_Days | M3: Lead_Time_Demand | N3: Reorder_Point | O3: Inventory_Gap | P3: Stock_Status
A4: 1 | B4: Jan-2023 | C4: Steel | D4: North | E4: 864 | F4: 1200 | G4: 1050 | H4: 1014 | I4: 38 | J4: 38532 | K4: 42 | L4: 12 | M4: 1470 | N4: 1890 | O4: -876 | P4: Below Reorder Point
A5: 2 | B5: Jan-2023 | C5: Aluminium | D5: South | E5: 648 | F5: 900 | G5: 780 | H5: 768 | I5: 55 | J5: 42240 | K5: 35 | L5: 10 | M5: 910 | N5: 1170 | O5: -402 | P5: Below Reorder Point
A6: 3 | B6: Jan-2023 | C6: Copper | D6: West | E6: 468 | F6: 650 | G6: 570 | H6: 548 | I6: 72 | J6: 39456 | K6: 28 | L6: 8 | M6: 532 | N6: 684 | O6: -136 | P6: Below Reorder Point
A7: 4 | B7: Feb-2023 | C7: Steel | D7: North | E7: 881 | F7: 1248 | G7: 1092 | H7: 1037 | I7: 38 | J7: 39406 | K7: 42 | L7: 12 | M7: 1529 | N7: 1966 | O7: -929 | P7: Below Reorder Point
A8: 5 | B8: Feb-2023 | C8: Aluminium | D8: South | E8: 661 | F8: 936 | G8: 811 | H8: 786 | I8: 55 | J8: 43230 | K8: 35 | L8: 10 | M8: 946 | N8: 1216 | O8: -430 | P8: Below Reorder Point
A9: 6 | B9: Feb-2023 | C9: Copper | D9: West | E9: 477 | F9: 676 | G9: 593 | H9: 560 | I9: 72 | J9: 40320 | K9: 28 | L9: 8 | M9: 553 | N9: 711 | O9: -151 | P9: Below Reorder Point
A10: 7 | B10: Mar-2023 | C10: Steel | D10: North | E10: 855 | F10: 1164 | G10: 1018 | H10: 1001 | I10: 38 | J10: 38038 | K10: 42 | L10: 12 | M10: 1425 | N10: 1832 | O10: -831 | P10: Below Reorder Point
A11: 8 | B11: Mar-2023 | C11: Aluminium | D11: South | E11: 642 | F11: 873 | G11: 757 | H11: 758 | I11: 55 | J11: 41690 | K11: 35 | L11: 10 | M11: 883 | N11: 1135 | O11: -377 | P11: Below Reorder Point
A12: 9 | B12: Mar-2023 | C12: Copper | D12: West | E12: 463 | F12: 630 | G12: 553 | H12: 540 | I12: 72 | J12: 38880 | K12: 28 | L12: 8 | M12: 516 | N12: 663 | O12: -123 | P12: Below Reorder Point
A13: 10 | B13: Apr-2023 | C13: Steel | D13: North | E13: 890 | F13: 1272 | G13: 1113 | H13: 1049 | I13: 38 | J13: 39862 | K13: 42 | L13: 12 | M13: 1558 | N13: 2003 | O13: -954 | P13: Below Reorder Point
A14: 11 | B14: Apr-2023 | C14: Aluminium | D14: South | E14: 667 | F14: 954 | G14: 827 | H14: 794 | I14: 55 | J14: 43670 | K14: 35 | L14: 10 | M14: 965 | N14: 1241 | O14: -447 | P14: Below Reorder Point
A15: 12 | B15: Apr-2023 | C15: Copper | D15: West | E15: 482 | F15: 689 | G15: 604 | H15: 567 | I15: 72 | J15: 40824 | K15: 28 | L15: 8 | M15: 564 | N15: 725 | O15: -158 | P15: Below Reorder Point
... A21: 18 | B21: Jun-2023 | C21: Copper | D21: West | E21: 477 | F21: 670 | G21: 587 | H21: 560 | I21: 72 | J21: 40320 | K21: 28 | L21: 8 | M21: 548 | N21: 705 | O21: -145 | P21: Below Reorder Point

Sheet Material_Summary
A1: Raw Material Summary
A3: Raw_Material | B3: Opening_Inventory | C3: Purchases | D3: Material_Usage | E3: Closing_Inventory | F3: Inventory_Value | G3: Avg_Lead_Time_Days | H3: Avg_Lead_Time_Demand | I3: Avg_Reorder_Point | J3: Avg_Inventory_Gap | K3: Inventory_Turnover_Proxy
A4: Aluminium | B4: 658.83333 | C4: 5562 | D4: 4820 | E4: 782.5 | F4: 43037.5 | G4: 35 | H4: 937.16667 | I4: 1205 | J4: -422.5 | K4: 6.1597444
A5: Copper | B5: 475.66667 | C5: 4017 | D5: 3523 | E5: 558 | F5: 40176 | G5: 28 | H5: 548 | I5: 704.5 | J5: -146.5 | K5: 6.3136201
A6: Steel | B6: 878.33333 | C6: 7416 | D6: 6489 | E6: 1032.8333 | F6: 39247.667 | G6: 42 | H6: 1514.1667 | I6: 1946.8333 | J6: -914 | K6: 6.2827174

Sheet Monthly_Summary
A1: Monthly Raw Material Inventory Summary
A3: Month | B3: Purchases | C3: Material_Usage | D3: Closing_Inventory | E3: Inventory_Value | F3: Lead_Time_Demand | G3: Reorder_Point
A4: Jan-2023 | B4: 2750 | C4: 2400 | D4: 2330 | E4: 120228 | F4: 2912 | G4: 3744
A5: Feb-2023 | B5: 2860 | C5: 2496 | D5: 2383 | E5: 122956 | F5: 3028 | G5: 3893
A6: Mar-2023 | B6: 2667 | C6: 2328 | D6: 2299 | E6: 118608 | F6: 2824 | G6: 3630
A7: Apr-2023 | B7: 2915 | C7: 2544 | D7: 2410 | E7: 124356 | F7: 3087 | G7: 3969
A8: May-2023 | B8: 2970 | C8: 2592 | D8: 2438 | E8: 125794 | F8: 3145 | G8: 4044
A9: Jun-2023 | B9: 2833 | C9: 2472 | D9: 2380 | E9: 122825 | F9: 3000 | G9: 3858

Sheet Region_Summary
A1: Regional Raw Material Inventory Summary
A3: Region | B3: Purchases | C3: Material_Usage | D3: Closing_Inventory | E3: Inventory_Value | F3: Lead_Time_Demand | G3: Reorder_Point | H3: Inventory_Gap
A4: North | B4: 7416 | C4: 6489 | D4: 1032.8333 | E4: 39247.667 | F4: 1514.1667 | G4: 1946.8333 | H4: -914
A5: South | B5: 5562 | C5: 4820 | D5: 782.5 | E5: 43037.5 | F5: 937.16667 | G5: 1205 | H5: -422.5
A6: West | B6: 4017 | C6: 3523 | D6: 558 | E6: 40176 | F6: 548 | G6: 704.5 | H6: -146.5

Sheet Material_Month
A1: Material × Month Analysis
A3: Month | B3: Raw_Material | C3: Purchases | D3: Material_Usage | E3: Closing_Inventory | F3: Inventory_Value | G3: Reorder_Point
A4: Jan-2023 | B4: Steel | C4: 1200 | D4: 1050 | E4: 1014 | F4: 38532 | G4: 1890
A5: Jan-2023 | B5: Aluminium | C5: 900 | D5: 780 | E5: 768 | F5: 42240 | G5: 1170
A6: Jan-2023 | B6: Copper | C6: 650 | D6: 570 | E6: 548 | F6: 39456 | G6: 684
A7: Feb-2023 | B7: Steel | C7: 1248 | D7: 1092 | E7: 1037 | F7: 39406 | G7: 1966
A8: Feb-2023 | B8: Aluminium | C8: 936 | D8: 811 | E8: 786 | F8: 43230 | G8: 1216
A9: Feb-2023 | B9: Copper | C9: 676 | D9: 593 | E9: 560 | F9: 40320 | G9: 711
A10: Mar-2023 | B10: Steel | C10: 1164 | D10: 1018 | E10: 1001 | F10: 38038 | G10: 1832
A11: Mar-2023 | B11: Aluminium | C11: 873 | D11: 757 | E11: 758 | F11: 41690 | G11: 1135
A12: Mar-2023 | B12: Copper | C12: 630 | D12: 553 | E12: 540 | F12: 38880 | G12: 663
A13: Apr-2023 | B13: Steel | C13: 1272 | D13: 1113 | E13: 1049 | F13: 39862 | G13: 2003
A14: Apr-2023 | B14: Aluminium | C14: 954 | D14: 827 | E14: 794 | F14: 43670 | G14: 1241
A15: Apr-2023 | B15: Copper | C15: 689 | D15: 604 | E15: 567 | F15: 40824 | G15: 725
... A21: Jun-2023 | B21: Copper | C21: 670 | D21: 587 | E21: 560 | F21: 40320 | G21: 705

Sheet Inventory_Analysis_Working
A1: Raw Material | B1: Average Daily Usage | C1: Average Lead Time | D1: Lead-Time Demand | E1: Safety Stock | F1: Reorder Point | G1: Average Closing Inventory | H1: Inventory Gap | I1: Status
A2: Steel | B2: =AVERAGEIF(Raw_Material_Data!$C:$C,A2,Raw_Material_Data!$G:$G)/30 | C2: =AVERAGEIF(Raw_Material_Data!$C:$C,A2,Raw_Material_Data!$K:$K) | D2: =B2*C2 | E2: =AVERAGEIF(Raw_Material_Data!$C:$C,A2,Raw_Material_Data!$L:$L)*B2 | F2: =D2+E2 | G2: =AVERAGEIF(Raw_Material_Data!$C:$C,A2,Raw_Material_Data!$H:$H) | H2: =G2-F2 | I2: =IF(H2<0,"Below Reorder Point","At/Above Reorder Point")
A3: Aluminium | B3: =AVERAGEIF(Raw_Material_Data!$C:$C,A3,Raw_Material_Data!$G:$G)/30 | C3: =AVERAGEIF(Raw_Material_Data!$C:$C,A3,Raw_Material_Data!$K:$K) | D3: =B3*C3 | E3: =AVERAGEIF(Raw_Material_Data!$C:$C,A3,Raw_Material_Data!$L:$L)*B3 | F3: =D3+E3 | G3: =AVERAGEIF(Raw_Material_Data!$C:$C,A3,Raw_Material_Data!$H:$H) | H3: =G3-F3 | I3: =IF(H3<0,"Below Reorder Point","At/Above Reorder Point")
A4: Copper | B4: =AVERAGEIF(Raw_Material_Data!$C:$C,A4,Raw_Material_Data!$G:$G)/30 | C4: =AVERAGEIF(Raw_Material_Data!$C:$C,A4,Raw_Material_Data!$K:$K) | D4: =B4*C4 | E4: =AVERAGEIF(Raw_Material_Data!$C:$C,A4,Raw_Material_Data!$L:$L)*B4 | F4: =D4+E4 | G4: =AVERAGEIF(Raw_Material_Data!$C:$C,A4,Raw_Material_Data!$H:$H) | H4: =G4-F4 | I4: =IF(H4<0,"Below Reorder Point","At/Above Reorder Point")

Sheet Presentation_Flow
A1: Raw Material Inventory Presentation Flow
A3: Step | B3: Presentation_Stage | C3: Key_Output
A4: 1 | B4: Business Context | C4: Why raw-material inventory matters
A5: 2 | B5: Data Review | C5: Check material, region and period fields
A6: 3 | B6: Inventory Position | C6: Opening and closing inventory
A7: 4 | B7: Usage & Purchases | C7: Compare purchases with material usage
A8: 5 | B8: Lead-Time Analysis | C8: Estimate demand during lead time
A9: 6 | B9: Reorder Analysis | C9: Compare closing inventory with reorder point
A10: 7 | B10: Risk & Insights | C10: Identify potential shortage or excess signals
A11: 8 | B11: Management Actions | C11: Prioritize replenishment and monitoring

Sheet Presentation_Questions
A1: Presentation Questions
A3: Question
A4: Which raw material has the highest average closing inventory?
A5: Which material has the highest average inventory value?
A6: Which month has the highest total purchases?
A7: Which month has the highest material usage?
A8: Which region has the largest average inventory gap?
A9: Which materials need closer reorder monitoring?
A10: How does lead time affect raw-material planning?
A11: Why should purchase and usage trends be reviewed together?

Sheet Business_Insights
A1: Business Insights
A3: Area | B3: Insight
A4: Inventory | B4: Closing inventory should be interpreted together with expected usage.
A5: Purchasing | B5: Purchase volume should be compared with consumption rather than viewed alone.
A6: Usage | B6: Higher material usage can increase replenishment requirements.
A7: Lead Time | B7: Longer lead time increases the amount needed to cover expected demand during replenishment.
A8: Reorder | B8: Closing inventory below reorder point is a replenishment signal.
A9: Regional View | B9: Regional summaries help identify where inventory conditions differ.

Sheet Data_Dictionary
A1: Data Dictionary
A3: Field | B3: Meaning
A4: Record_ID | B4: Unique record identifier
A5: Month | B5: Month of observation
A6: Raw_Material | B6: Raw material category
A7: Region | B7: Operating region
A8: Opening_Inventory | B8: Inventory at start of month
A9: Purchases | B9: Material received/purchased
A10: Material_Usage | B10: Material consumed
A11: Closing_Inventory | B11: Inventory at end of month
A12: Unit_Cost | B12: Illustrative cost per unit
A13: Inventory_Value | B13: Closing inventory multiplied by unit cost
A14: Lead_Time_Days | B14: Replenishment lead time in days
... A19: Stock_Status | B19: Inventory position relative to reorder point

Sheet Instructions
A1: How to Use This Workbook
A3: Step | B3: Instruction
A4: 1 | B4: Review Raw_Material_Data.
A5: 2 | B5: Check Material_Summary.
A6: 3 | B6: Review Monthly_Summary.
A7: 4 | B7: Compare Region_Summary.
A8: 5 | B8: Study Inventory_Analysis_Working formulas.
A9: 6 | B9: Answer Presentation_Questions.
A10: 7 | B10: Read Business_Insights.
A11: 8 | B11: Use the dashboard for presentation practice.

Sheet Raw_Material_Inventory_Dashboard
A1: Day 056 — Raw Material Inventory Analysis Presentation
A2: Illustrative learning dataset | W8_L9
A37: Presentation Note
A38: Use the charts to explain inventory position, usage, value, reorder requirements and regional differences.
