Workbook

Sheet Financial_Survey_Data
A1: ID | B1: Region | C1: Age_Group | D1: Income | E1: Has_FD | F1: FD_Amount | G1: Plans_FD | H1: Borrowing | I1: Borrowing_Amount | J1: Purpose
A2: R01 | B2: North | C2: 18-25 | D2: 22000 | E2: No | F2: 0 | G2: Yes | H2: No | I2: 0 | J2: None
A3: R02 | B3: North | C3: 26-35 | D3: 36000 | E3: Yes | F3: 150000 | G3: No | H3: Yes | I3: 100000 | J3: Home
A4: R03 | B4: North | C4: 36-45 | D4: 48000 | E4: Yes | F4: 250000 | G4: Yes | H4: Yes | I4: 180000 | J4: Business
A5: R04 | B5: South | C5: 18-25 | D5: 24000 | E5: No | F5: 0 | G5: Yes | H5: Yes | I5: 60000 | J5: Education
A6: R05 | B6: South | C6: 26-35 | D6: 42000 | E6: Yes | F6: 200000 | G6: Yes | H6: No | I6: 0 | J6: None
A7: R06 | B7: South | C7: 36-45 | D7: 55000 | E7: Yes | F7: 350000 | G7: Yes | H7: Yes | I7: 250000 | J7: Home
A8: R07 | B8: East | C8: 18-25 | D8: 20000 | E8: No | F8: 0 | G8: Yes | H8: Yes | I8: 50000 | J8: Education
A9: R08 | B9: East | C9: 26-35 | D9: 33000 | E9: Yes | F9: 120000 | G9: Yes | H9: Yes | I9: 90000 | J9: Personal
A10: R09 | B10: East | C10: 36-45 | D10: 47000 | E10: Yes | F10: 275000 | G10: No | H10: Yes | I10: 160000 | J10: Business
A11: R10 | B11: West | C11: 18-25 | D11: 26000 | E11: No | F11: 0 | G11: Yes | H11: No | I11: 0 | J11: None
A12: R11 | B12: West | C12: 26-35 | D12: 39000 | E12: Yes | F12: 180000 | G12: Yes | H12: Yes | I12: 110000 | J12: Personal
A13: R12 | B13: West | C13: 36-45 | D13: 52000 | E13: Yes | F13: 300000 | G13: Yes | H13: Yes | I13: 220000 | J13: Business
... A16: R15 | B16: Central | C16: 36-45 | D16: 50000 | E16: Yes | F16: 280000 | G16: No | H16: Yes | I16: 190000 | J16: Home

Sheet Market_Estimation
A1: Parameter | B1: Value | C1: Meaning
A2: Target Population | B2: 1000000 | C2: Illustrative target population
A3: Sample Size | B3: =COUNTA(Financial_Survey_Data!A2:A16) | C3: Survey respondents
A4: Existing FD Count | B4: =COUNTIF(Financial_Survey_Data!E2:E16,"Yes") | C4: Existing FD holders
A5: Potential FD Count | B5: =COUNTIF(Financial_Survey_Data!G2:G16,"Yes") | C5: Planning to invest
A6: Existing FD Rate | B6: =B4/B3 | C6: Existing FD participation
A7: Potential FD Rate | B7: =B5/B3 | C7: Potential investment rate
A8: Potential FD Customers | B8: =B2*B7 | C8: Estimated customers
A9: Average FD Amount | B9: =AVERAGEIF(Financial_Survey_Data!E2:E16,"Yes",Financial_Survey_Data!F2:F16) | C9: Average FD
A10: Potential FD Market | B10: =B8*B9 | C10: Estimated market value
A11: Borrower Count | B11: =COUNTIF(Financial_Survey_Data!H2:H16,"Yes") | C11: Existing borrowers
A12: Borrowing Rate | B12: =B11/B3 | C12: Sample borrowing rate
A13: Average Borrowing Amount | B13: =AVERAGEIF(Financial_Survey_Data!H2:H16,"Yes",Financial_Survey_Data!I2:I16) | C13: Average borrowing
A14: Potential Borrowers | B14: =B2*B12 | C14: Estimated borrowers
A15: Potential Borrowing Market | B15: =B14*B13 | C15: Estimated borrowing market

Sheet Regional_Analysis
A1: Region | B1: Respondents | C1: FD_Count | D1: FD_Rate | E1: Borrowers | F1: Borrowing_Rate | G1: Avg_FD | H1: Avg_Borrowing
A2: North | B2: =COUNTIF(Financial_Survey_Data!B2:B16,A2) | C2: =COUNTIFS(Financial_Survey_Data!B2:B16,A2,Financial_Survey_Data!E2:E16,"Yes") | D2: =IFERROR(C2/B2,0) | E2: =COUNTIFS(Financial_Survey_Data!B2:B16,A2,Financial_Survey_Data!H2:H16,"Yes") | F2: =IFERROR(E2/B2,0) | G2: =IFERROR(AVERAGEIFS(Financial_Survey_Data!F2:F16,Financial_Survey_Data!B2:B16,A2,Financial_Survey_Data!E2:E16,"Yes"),0) | H2: =IFERROR(AVERAGEIFS(Financial_Survey_Data!I2:I16,Financial_Survey_Data!B2:B16,A2,Financial_Survey_Data!H2:H16,"Yes"),0)
A3: South | B3: =COUNTIF(Financial_Survey_Data!B2:B16,A3) | C3: =COUNTIFS(Financial_Survey_Data!B2:B16,A3,Financial_Survey_Data!E2:E16,"Yes") | D3: =IFERROR(C3/B3,0) | E3: =COUNTIFS(Financial_Survey_Data!B2:B16,A3,Financial_Survey_Data!H2:H16,"Yes") | F3: =IFERROR(E3/B3,0) | G3: =IFERROR(AVERAGEIFS(Financial_Survey_Data!F2:F16,Financial_Survey_Data!B2:B16,A3,Financial_Survey_Data!E2:E16,"Yes"),0) | H3: =IFERROR(AVERAGEIFS(Financial_Survey_Data!I2:I16,Financial_Survey_Data!B2:B16,A3,Financial_Survey_Data!H2:H16,"Yes"),0)
A4: East | B4: =COUNTIF(Financial_Survey_Data!B2:B16,A4) | C4: =COUNTIFS(Financial_Survey_Data!B2:B16,A4,Financial_Survey_Data!E2:E16,"Yes") | D4: =IFERROR(C4/B4,0) | E4: =COUNTIFS(Financial_Survey_Data!B2:B16,A4,Financial_Survey_Data!H2:H16,"Yes") | F4: =IFERROR(E4/B4,0) | G4: =IFERROR(AVERAGEIFS(Financial_Survey_Data!F2:F16,Financial_Survey_Data!B2:B16,A4,Financial_Survey_Data!E2:E16,"Yes"),0) | H4: =IFERROR(AVERAGEIFS(Financial_Survey_Data!I2:I16,Financial_Survey_Data!B2:B16,A4,Financial_Survey_Data!H2:H16,"Yes"),0)
A5: West | B5: =COUNTIF(Financial_Survey_Data!B2:B16,A5) | C5: =COUNTIFS(Financial_Survey_Data!B2:B16,A5,Financial_Survey_Data!E2:E16,"Yes") | D5: =IFERROR(C5/B5,0) | E5: =COUNTIFS(Financial_Survey_Data!B2:B16,A5,Financial_Survey_Data!H2:H16,"Yes") | F5: =IFERROR(E5/B5,0) | G5: =IFERROR(AVERAGEIFS(Financial_Survey_Data!F2:F16,Financial_Survey_Data!B2:B16,A5,Financial_Survey_Data!E2:E16,"Yes"),0) | H5: =IFERROR(AVERAGEIFS(Financial_Survey_Data!I2:I16,Financial_Survey_Data!B2:B16,A5,Financial_Survey_Data!H2:H16,"Yes"),0)
A6: Central | B6: =COUNTIF(Financial_Survey_Data!B2:B16,A6) | C6: =COUNTIFS(Financial_Survey_Data!B2:B16,A6,Financial_Survey_Data!E2:E16,"Yes") | D6: =IFERROR(C6/B6,0) | E6: =COUNTIFS(Financial_Survey_Data!B2:B16,A6,Financial_Survey_Data!H2:H16,"Yes") | F6: =IFERROR(E6/B6,0) | G6: =IFERROR(AVERAGEIFS(Financial_Survey_Data!F2:F16,Financial_Survey_Data!B2:B16,A6,Financial_Survey_Data!E2:E16,"Yes"),0) | H6: =IFERROR(AVERAGEIFS(Financial_Survey_Data!I2:I16,Financial_Survey_Data!B2:B16,A6,Financial_Survey_Data!H2:H16,"Yes"),0)

Sheet Borrowing_Purpose
A1: Purpose | B1: Borrowers | C1: Total_Borrowing | D1: Average_Borrowing
A2: Home | B2: =COUNTIF(Financial_Survey_Data!J2:J16,A2) | C2: =SUMIF(Financial_Survey_Data!J2:J16,A2,Financial_Survey_Data!I2:I16) | D2: =IFERROR(AVERAGEIF(Financial_Survey_Data!J2:J16,A2,Financial_Survey_Data!I2:I16),0)
A3: Business | B3: =COUNTIF(Financial_Survey_Data!J2:J16,A3) | C3: =SUMIF(Financial_Survey_Data!J2:J16,A3,Financial_Survey_Data!I2:I16) | D3: =IFERROR(AVERAGEIF(Financial_Survey_Data!J2:J16,A3,Financial_Survey_Data!I2:I16),0)
A4: Education | B4: =COUNTIF(Financial_Survey_Data!J2:J16,A4) | C4: =SUMIF(Financial_Survey_Data!J2:J16,A4,Financial_Survey_Data!I2:I16) | D4: =IFERROR(AVERAGEIF(Financial_Survey_Data!J2:J16,A4,Financial_Survey_Data!I2:I16),0)
A5: Personal | B5: =COUNTIF(Financial_Survey_Data!J2:J16,A5) | C5: =SUMIF(Financial_Survey_Data!J2:J16,A5,Financial_Survey_Data!I2:I16) | D5: =IFERROR(AVERAGEIF(Financial_Survey_Data!J2:J16,A5,Financial_Survey_Data!I2:I16),0)
A6: None | B6: =COUNTIF(Financial_Survey_Data!J2:J16,A6) | C6: =SUMIF(Financial_Survey_Data!J2:J16,A6,Financial_Survey_Data!I2:I16) | D6: =IFERROR(AVERAGEIF(Financial_Survey_Data!J2:J16,A6,Financial_Survey_Data!I2:I16),0)

Sheet Insights
A1: Area | B1: Question | C1: Observation
A2: Fixed Deposits | B2: What is the sample FD participation rate?
A3: FD Opportunity | B3: How large is the potential FD customer base?
A4: Borrowing | B4: What is the sample borrowing rate?
A5: Regional Pattern | B5: Which region shows the strongest pattern?
A6: Purpose | B6: Which borrowing purpose has the largest amount?
A7: Business | B7: What can a financial institution learn?

Sheet Practice
A1: No | B1: Task | C1: Output
A2: 1 | B2: Calculate existing FD rate. | C2: Percentage
A3: 2 | B3: Calculate potential FD rate. | C3: Percentage
A4: 3 | B4: Estimate potential FD customers. | C4: Customers
A5: 4 | B5: Calculate average FD amount. | C5: Average
A6: 5 | B6: Estimate potential FD market. | C6: Value
A7: 6 | B7: Calculate borrowing rate. | C7: Percentage
A8: 7 | B8: Estimate potential borrowers. | C8: Customers
A9: 8 | B9: Compare regions. | C9: Comparison
A10: 9 | B10: Find the most common borrowing purpose. | C10: Purpose
A11: 10 | B11: Write three business insights. | C11: 3 insights

Sheet Instructions
A1: Day | B1: 013
A2: Lecture | B2: W3_L3 — Fixed Deposits, Borrowing
A3: Objective | B3: Estimate potential FD and borrowing markets from financial survey data.
A4: Step 1 | B4: Review Financial_Survey_Data.
A5: Step 2 | B5: Calculate FD participation and potential rates.
A6: Step 3 | B6: Estimate potential FD customers and market.
A7: Step 4 | B7: Calculate borrowing rate and potential borrowers.
A8: Step 5 | B8: Analyse regions and borrowing purposes.
A9: Step 6 | B9: Write insights.
